年份,地区,地区生产总值(万元),第一产业增加值(万元),第二产业增加值(万元),第三产业增加值(万元),第一产业增加值占GDP比重(%),第二产业增加值占GDP比重(%),第三产业增加值占GDP比重(%),人均地区生产总值(元),户籍人口(万人),非农业人口数(万人),年平均人口(万人),自然增长率(‰),第一产业从业人员数(万人),第二产业从业人员数(万人),第三产业从业人员数(万人),教育业从业人员数(万人),在岗职工平均人数(万人),在岗职工工资总额(万元),职工平均工资(元),地区生产总值增长率(%),规模以上工业企业数(个),规模以上工业总产值(当年价，万元),产品销售收入(万元),利润总额(万元),流动资产合计(万元),固定资产投资总额(万元),当年实际使用外资金额(万美元),地方财政一般预算内收入(万元),地方财政一般预算内支出(万元),科学支出(万元),教育支出(万元),年末金融机构各项贷款余额(万元),年末金融机构存款余额(万元),城乡居民储蓄年末余额(万元),普通高等学校在校学生数(人),专利授权数(件),发明专利授权数(件),货运总量(万吨),人口密度(人／平方公里)
2022,广州,288000000,3172290,79105377,206000000,1.1,27.43,71.47,153625,1035,,,,,,,,404,61517485,,1,6878,,,15282255,159000000,,,18550953,30224506,1982136,6269391,679000000,786000000,,,146854,27604,,
2021,广州,282000000,3049056,77242752,202000000,1.08,27.36,71.56,150366,1012,,,,,,,,402,57954413,144288,8.1,6757,,,15194898,142000000,,,18842570,30211834,2012478,5890857,602000000,728000000,,,189516,24120,,
2020,广州,250000000,2877185,65900046,181000000,1.15,26.34,72.51,135047,,,,,,,,,385,52083780,135138,2.7,6208,,,14614011,124000000,,,17227892,29526468,2241321,5585916,535000000,656000000,,,155835,15077,,
2019,广州,236000000,2504674,64530799,169000000,1.06,27.31,71.62,156427,954,,941,9.59,0.196,105.586,294.436,31.354,371,45864824,123498,6.8,5804,,,13330468,111000000,,714349,16990383,28653263,2439456,5239743,462000000,567000000,180000000,,104813,12222,,
2018,广州,229000000,2240216,62337440,164000000,0.98,27.27,71.75,155491,928,,913,12.8,0.136,105.755,242.754,27.189,331,37005944,111839,6.2,4675,,,13994685,99067099,,661108,16342242,25061818,1636655,4408209,398000000,526000000,160000000,,89826,10797,,
2017,广州,215000000,,,,,,,150678,898,,884,15.59,0.174,107.32,221.676,24.79,316,31032760,98612,,4664,,,13488898,96779199,,628947,15367365,21860130,1712569,4043335,333000000,493000000,146000000,,60201,9345,,
2016,广州,195000000,2384788,57508574,136000000,1.22,29.42,69.35,141933,870,,862,10.35,0.144,107.538,217.552,24.154,311,25980229,89096,8.2,4662,196000000,,12316359,88188186,57035860,570120,13936442,19437465,1129546,3219820,289000000,459000000,140000000,1057281,,,,
2015,广州,181000000,2262552,57269709,121000000,1.25,31.64,67.11,136188,854.19,,848.3,12.02,0.13,112.876,207.307,24.096,306,24874876,81171,8.4,4650,187000000,,10985732,80408497,54059522,541634,13494742,17277176,886688,2870733,273000000,428000000,136000000,1043221,,,,820
2014,广州,167000000,2188600,55917900,109000000,1.31,33.47,65.23,128478,842.4,,837.4,8,0.258,120.926,205.215,22.643,310,23049712,74246.13,7.6,4774,182000000,,10879853,74764969,48895026,510707,12431035,14362226,563212,2290438,242000000,355000000,128000000,1019291,,,95645,812
2013,广州,154000000,2282181,52274286,99644967,1.48,33.9,64.62,185338,832.3,,827.3,8.5,0.23,129.02,195.34,17.33,258,19008976,73749.66,13.79,4812,172000000,,11053751,74129378,44545508,480385,11418044,13861349,541912,2539473,220000000,338000000,125000000,983051,,,88289,802
2012,广州,136000000,2141091,47212406,86172127,1.58,34.84,63.59,105909,822.3,,818.4,6.2,0.25,148.45,178.15,21.67,268,18062285,67514.99,10.5,4373,161000000,,8256048,64593607,37583868,474312,11023961,13436451,521165,2234976,180000000,290000000,113000000,939208,,,75175,791
2011,广州,124000000,2049867,45767949,76416573,1.65,36.84,61.51,97588,814.6,,810.4,5.3,0.35,142.56,167.33,19.63,296,17008733,57473.59,11.3,4437,157000000,,9585300,65179319,34122000,427000,9794800,11812500,222300,1753300,163000000,258000000,100000000,896100,,,64132,779
2010,广州,107000000,1880949,40026605,65575273,1.75,37.24,61.01,103625,806.14,,800.4,6.72,0.6,105.73,140.04,18.31,239,13044801,54494.11,13.2,6969,138000000,,10312744,60871184,32635731,397862,8726470,9773199,319379,1126343,163000000,240000000,93023300,843934,,,56644,766
2009,广州,91382135,1727122,34048984,55606029,1.89,37.26,60.85,89082,794.62,,789.4,4.25,0.72,102.71,131.72,17.38,224,11098493,49518.11,11.7,7023,114000000,,7791165,50733991,26598516,377339,7026527,7899155,323623,1103199,139000000,209000000,82142100,796006,,,51797,759
2008,广州,82158151,1676026,31992384,48489741,2.04,38.94,59.02,81233,784.14,704.17,,4.43,0.77,99.59,125.18,16.8,218,9968517,45701.99,12.33,5092,116000000,114000000,5492048,,21056725,362277,6218355,7133508,262213,959475,111000000,169000000,71112700,736152,,,48360,792
2007,广州,71091814,1500037,28067048,41524729,2.11,39.48,58.41,71808,773.48,693.55,,3.72,0.79,101.25,121.65,16.62,214,8683302,40561.01,14.9,4988,89104386,88630531,7531147,,18633437,328579,5237862,6236917,211587,807715,96613800,148000000,58557900,687115,,,45142,739
2006,广州,60738277,1451645,24301385,34985248,2.39,40.01,57.6,63100,760.72,526.4,,3.51,0.81,91.01,115.34,15.92,199,7299497,36769.58,14.82,5188,72820564,72493321,5388451,,16963824,292339,4270831,5067899,26334,523935,79317820,127000000,55623554,619442,,,42320,730
2005,广州,51542283,1304020,20451978,29786285,2.53,39.68,57.79,69268,750.53,517.23,,3.18,0.84,86.94,111.98,15.52,191,6562762,34327.66,12.9,5240,60319154,59945469,4048255,,15191582,264882,3712633,4384122,24082,473748,69080309,111000000,50246879,554327,,,37753,720
2004,广州,41158077,1156542,18175407,21826128,2.81,44.16,53.03,56271,737.67,507.78,,3.82,1.14,87.6,105.66,14.72,186,5891767,31592.94,15,4727,50433323,50938119,,,13489283,240062,3028692,4083373,24791,452103,65353948,96135721,42568178,459676,,,35204,692
2003,广州,34968787,1098020,15082038,18788729,3.14,43.13,53.73,48372,725.19,493.32,,2.24,1.13,84.65,102.25,14.2,182,5247087,28804.83,15.2,4709,40178324,40810727,,,11751668,258076,2747707,3700911,20827,377126,61272742,86767209,37273276,374742,,,28859,684
2002,广州,30014760,1029506,12270034,16712218,3.43,40.88,55.68,41884,720.62,502.3,,3.09,0.98,73.94,100.66,,170,4458892,26219.52,13.2,4632,31764294,32148208,,,10092421,228386,2458700,3266700,,,,,31328000,299037,,,25005,676
2001,广州,26857574,972244.2,11250638,14634692,3.62,41.89,54.49,38007,712.6,451.08,706.6,4.2,1.28,68.98,98.43,,168,3822729,22771.96,,4572,28291517,28113121,,,9782093,300119,2719100,3149800,,,,,26004300,244736,,,24500,668
2000,广州,23759129,950365.2,10311462,12497302,4,43.4,52.6,,700.69,436.11,,4.51,1.4,73.2,100.94,,174,3432069,19675,13.3,4531,25685694,25342544,,,5680860,298923,2199100,2586000,,,,,22398600,185078,,,24156,659
1999,广州,20567383,925532.2,9399294,10242557,4.5,45.7,49.8,,685,425.63,,6.23,1.64,78.39,102.27,,183,3047594,16671,13.18,4441,23348139,22026583,,,8782586,298687,1761500,2223700,,,,,,134283,,,23854,744
1998,广州,18416052,883970.5,8268807,9263274,4.8,44.9,50.3,,674.14,417.38,,6.09,2.11,84.39,105.29,,191,2801525,14692,13.1,,,21080745,,,7588283,271608,1321900,1751100,,,,,,108378,,,24076,728
1997,广州,16462567,857699.7,7661679,7943189,5.21,46.54,48.25,,666.49,410.87,,5.92,93.78,162.72,171.71,,199,2615842,13118,13.39,,,15686371,,,6565767,248003,977200,1389900,,,,,,102372,,,23400,724
1996,广州,14449358,809164,6747850,6877894,5.6,46.7,47.6,,656.05,403.27,,6.31,92.72,136.33,163.84,,,2395597,11813,12.4,,,14360389,,,3392397,260002,852400,1219100,,,,,,99214,,,22638,641
1995,广州,12430697,733411.1,5805135,5892150,5.9,46.7,47.4,,646.71,395.28,,6.25,91.97,142.46,156.94,,,2146245,10317,16.4,,,13096243,,,3319599,214444,970800,1112400,,,,,,95429,,,26280,641
1994,广州,9761829,606222,4567537,4588070,6.21,46.79,47,,637.02,387.24,,7.2,91.2,142.17,149.83,,,1815428,8623.13,,,,10220410,,,2771821,181403,628700,737400,,,,,,89019,,,25817,628
1993,广州,7408369,,,,,,,,623.66,375.39,,7.7,,,,,,,,,,,,,,1407590,,773690,538187,,65474,,,,78901,,,24083,625
1992,广州,5107027,,,,,,,,612.2,355.84,,7.5,,,,,,,,,,,,,,1171978,,513492,322512,,44112,,,,,,,20959,622
1991,广州,3866700,281700,1799200,1785800,7.285,46.531,46.184,6464,602.22,348.29,598.2,8.06,98.69,131.64,125.62,,,783043,,,,,4826623,,,748863,23161,484892,307096,,,,,,64389,,,18030,618
1990,广州,3196000,257300,1363000,1575700,8.051,42.647,49.302,5418,594.25,341.39,589.8,9.5,96.2,119.65,116.37,,,656434,,,,,3621926,,,680880,18087,369420,243132,,,,,,65465,,,16355,616
2022,深圳,324000000,259104,124000000,200000000,0.08,38.3,61.62,183274,658,,,,,,,,503,82856217,,3.3,13790,,,33155634,403000000,,,40124390,49973834,4587417,9489438,804000000,1190000000,,,275774,52172,,
2021,深圳,307000000,275985,113000000,193000000,0.09,36.98,62.94,173663,631,,,,,,,,498,77523407,155563,6.7,13027,,,34619898,345000000,,,42576972,45702233,3822518,9645583,739000000,1070000000,,,279177,45202,,
2020,深圳,277000000,249030,105000000,172000000,0.09,37.78,62.13,159309,,,,,,,,,488,68054574,139436,3.1,11255,,,27810700,300000000,,,38573887,41777162,3366341,8509360,631000000,951000000,,,222412,31138,,
2019,深圳,269000000,242343,105000000,164000000,0.09,38.98,60.93,203489,551,,526,19.41,0.034,242.374,253.201,20.787,478,61109638,127757,6.7,10337,,,25218868,286000000,,780944,37733831,45527336,5484249,7165514,560000000,796000000,160000000,,166609,26051,,
2018,深圳,242000000,217997.8,99624992,142000000,0.09,41.13,58.78,189568,455,,445,21.89,0.026,262.828,223.635,12.571,469,52364784,111709,7.6,7950,,,20221437,257000000,,820301,35384054,42825379,5549817,5844504,483000000,687000000,135000000,,140202,21309,,
2017,深圳,225000000,,,,,,,183544,435,,410,25.18,0.05,267.074,196.67,11.071,446,44697603,100173,,7943,,,21013273,231000000,,740126,33321303,45938003,3518252,5090971,410000000,645000000,108000000,,94250,18926,,
2016,深圳,195000000,77970.41,77794971,117000000,0.04,39.91,60.05,167411,385,,370,21.3,0.048,269.052,187.132,9.918,445,39940453,89757,9,6627,273000000,,17699071,200000000,40781638,673227,31364923,42110429,4035240,4147269,352000000,596000000,104000000,91883,,,,
2015,深圳,175000000,70011.45,72076791,103000000,0.04,41.18,58.78,157985,354.99,,343.6,20.13,0.069,280.588,179.308,9.601,452,36627244,81034,8.9,6539,255000000,,18314948,179000000,32983076,649733,27268543,35216708,2143182,2885520,324000000,578000000,96802400,90112,,,,862
2014,深圳,160000000,48005.46,68119751,91834449,0.03,42.57,57.39,149495,332.2,,321.3,17.5,0.067,291.287,167.122,9.259,447,32879754,73492.38,8.8,6355,248000000,,14961649,164000000,27174226,580469,20824400,21661400,946000,3308000,227000000,325000000,99740100,87674,,,29384,853
2013,深圳,145000000,58000.92,62974500,81984302,0.04,43.43,56.54,467749,310.5,,299.1,18.4,0.07,297.59,159.75,9.34,362,28135080,77749.14,11.97,6520,231000000,,21471822,140000000,25010091,546789,17312618,16908280,1329814,2877280,198000000,298000000,92893700,82401,,,29617,842
2012,深圳,130000000,64750.3,57381716,72067084,0.05,44.31,55.65,123247,287.6,,277.8,19.8,0.08,145.82,134.11,8.86,278,16421777,59009.58,10,5835,214000000,,11358280,126000000,23144319,522944,14820803,15657078,791239,2462099,173000000,259000000,83890600,75570,,,30359,845
2011,深圳,115000000,69033.18,53431680,61554584,0.06,46.44,53.5,110421,267.9,,259.5,14.5,0.26,139.45,124,8.91,261,14384948,55142.21,10,5692,204000000,,13177472,119000000,21363882,459921,13395728,15905599,704863,1967928,157000000,228000000,74276400,70004,,,28901,847
2010,深圳,95815101,67070.57,45234309,50513721,0.07,47.21,52.72,106880,259.87,,252.9,12.01,0.27,138.71,114.04,7.66,245,12338778,50455.03,12.2,8249,185000000,,15990240,104000000,19447008,429724,11068166,12652699,998426,1245545,137000000,202000000,67170500,67324,,,26174,837
2009,深圳,82013176,65610.54,38267348,43672016,0.08,46.66,53.25,92772,245.96,,884,13.17,0.4,119.7,101.9,7,215,10029764,46715.25,10.7,8413,154000000,,10874205,80431621,17091514,416001,8808168,10008394,791591,1366266,116000000,169000000,57237600,66952,,,22367,833
2008,深圳,78065387,70258.85,38158361,39844574,0.09,48.88,51.04,89814,228.07,228.07,,15,0.46,104.46,95.48,6.56,198,8674142,43731.49,12.1,7013,159000000,147000000,9165787,,14676043,403018,8003603,8898555,546820,1030900,90584600,130000000,49059300,64675,,,14894,824
2007,深圳,68015706,68015.71,34048662,33899028,0.1,50.06,49.84,79645,212.38,212.38,,14.3,0.44,104.47,90.17,5.96,189,7335805,38797.36,14.8,5386,138000000,131000000,8488528,,13450037,366220,6580554,7279563,498998,858440,79654500,115000000,37925900,58910,,,13754,816
2006,深圳,58135624,69762.75,30497948,27567913,0.12,52.46,47.42,69450,196.83,196.83,,12.24,0.46,103.06,82.69,5.52,179,6296600,35107.89,16.6,5129,119000000,116000000,6744930,,12736693,326900,5008827,5714231,16769,575781,67553200,95404200,37447000,51220,,,11311,796
2005,深圳,49509078,99018.16,26333879,23076181,0.2,53.19,46.61,60801,181.93,181.93,,11.92,0.69,89.73,76.26,5.32,159,5163684,32476,15.1,5733,95676838,92912227,5429888,,11810542,296900,4123800,5991600,16300,486000,61680400,84781600,32293800,45314,,,9796,788
2004,深圳,34228000,140334.8,21081025,13003217,0.41,61.59,37.99,59271,165.13,164.77,,11.02,0.7,74.99,61.35,4.7,131,4192800,31928.11,17.3,2355,65092717,63334905,,,10925500,361226,3277129,3862873,13754,419957,52427700,71007500,26253900,41251,,,7954,782
2003,深圳,28954070,165038.2,17236358,11552674,0.57,59.53,39.9,54545,150.93,122.39,,9.43,0.81,57.66,50.7,4.09,105,3259900,31052.58,19.2,2317,52451037,51801132,,,9491016,362300,2908370,3489526,15274,389452,45250500,60794800,21994500,32106,,,6793,777
2002,深圳,22568300,189573.7,12347117,10031609,0.84,54.71,44.45,46388,139.45,112.04,,14.74,0.69,56.63,45.32,,100,2832799,28217.94,15,2134,36285173,34347157,,,7998400,319100,2659300,3077800,,,,,17565000,26778,,,5803,771
2001,深圳,19541700,181737.8,10564243,8795719,0.93,54.06,45.01,152099,132.04,106.12,128.5,11.99,0.77,51.98,42.93,,94,2441713,25939.8,,1749,30796298,29716081,,,6466933,259080,2656500,2600800,,,,,,18556,,,5167,767
2000,深圳,16652406,183176.5,8742513,7726716,1.1,52.5,46.4,,124.92,100.15,,12.13,0.75,51.61,41.82,,92,2113366,23039,14.8,1834,25669281,25269548,,,5945958,196100,2250200,2292100,,,,,15659800,14123,,,4712,765
1999,深圳,14365071,158015.8,7254361,6938329,1.1,50.5,48.3,,119.85,95.05,,9.61,0.93,50.88,41.28,,91,1890338,20714,14.2,1932,20368295,20323631,,,5446834,177839,1842100,2109000,,,,,,10568,,,4274,764
1998,深圳,12890190,167572.5,3867057,6277523,1.3,30,48.7,,114.6,89.91,,2.06,1.02,51.5,40.01,,91,1674771,18382,14.5,,,17514532,,,4546016,166357,1643900,1767700,,,,,,8497,,,4056,759
1997,深圳,11300057,158200.8,5572058,5570928,1.4,49.31,49.3,,109.46,84.8,,10.21,4.62,167.55,99.82,,90,1479515,16457,15.95,,,13643267,,,3743663,166112,1420600,1394200,,,,,,7601,,,3859,755
1996,深圳,9500446,161507.6,4683720,4655219,1.7,49.3,49,,103.38,78.91,,10.92,4.09,164.8,86.36,,,1284558,14507,16.4,,,11838119,,,1863329,242242,1317500,1380400,,,,,,6493,,,3652,754
1995,深圳,7956950,127311.2,4169442,3660197,1.6,52.4,46,,99.16,74.77,,11.45,4.41,161.63,78.86,,,1076083,12276,32.9,,,10808061,,,1577041,130989,880200,934000,,,,,,5291,,,3542,754
1994,深圳,5671471,137817,3154743,2378911,2.43,55.625,41.945,,93.97,69.56,,12,4.69,153.72,64.7,,,852332,10572.22,,,,8179564,,,1574373,125046,744000,746200,,,,,,4227,,,2549,788
1993,深圳,4356029,,,,,,,,87.69,64.08,,11.9,,,,,,,,,,,,,,1329285,,672507,593327,,42692,,,,3680,,,2052,785
1992,深圳,2849630,,,,,,,,80.22,57.39,,11.8,,,,,,,,,,,,,,1156759,,429599,420035,,21128,,,,,,,1802,781
1991,深圳,1748200,80800,1052300,615000,4.622,60.193,35.179,24643,73.22,46.99,70.9,13.82,6.33,88.39,32.65,,,307950,,,,,2524906,,,727510,39875,283482,246281,,,,,,3779,,,1488,775
1990,深圳,1358600,70200,718100,570300,5.167,52.856,41.977,20356,68.65,43,66.7,13.3,6.63,76.2,26.39,,,227393,,,,,2003944,,,548045,38994,216963,197993,,,,,,3964,,,1349,770
2022,珠海,40450000,606750,18077105,21766145,1.5,44.69,53.81,163654,155,,,,,,,,79,9978147,,2.3,1792,,,5965283,66659021,,,4374063,7541260,418396,1167355,101000000,114000000,,,27764,6188,,
2021,珠海,38820000,551244,16269462,21991530,1.42,41.91,56.65,157914,148,,,,,,,,76,9273948,121449,6.9,1655,,,5454943,57622469,,,4481942,7866577,495071,1149756,87143556,102000000,,,27201,5402,,
2020,珠海,34820000,598904,15108398,19109216,1.72,43.39,54.88,145645,,,,,,,,,80,8617830,107284,3,1492,,,5330879,52468236,,,3791327,6776159,515050,1104658,77263468,93832313,,,24434,4362,,
2019,珠海,34360000,573812,15286764,18499424,1.67,44.49,53.84,175533,133,,130,12.52,0.042,40.56,35.476,3.091,73,7405820,100878,6.8,1388,,,4511840,50560572,,242420,3444865,6157366,488867,1042080,62565125,87107305,19570793,,18967,3327,,
2018,珠海,29147350,501334.4,14337581,14308434,1.72,49.19,49.09,159428,127,,123,12.78,0.655,43.068,33.879,2.856,70,6193324,87032,8,1170,,,4287360,47162970,,239193,3314702,5725211,455217,764116,51830202,71170833,17428008,,17090,3452,,
2017,珠海,26751800,,,,,,,155502,119,,117,9.71,0.647,45.025,30.526,2.854,68,5604148,81014,,1163,,,4100456,42242350,,243304,3143761,4938852,453039,742206,47008330,65055738,15131174,,12544,2479,,
2016,珠海,22263708,436368.7,10797898,11029441,1.96,48.5,49.54,134546,115,,114,10.93,0.688,43.902,28.533,2.976,67,5053389,74931,8.5,1048,43533772,,4205794,38162557,13897545,229466,2923683,4171576,352358,572555,39156076,56890799,14242136,133626,,,,
2015,珠海,20254111,451666.7,10072369,9730075,2.23,49.73,48.04,124706,112.45,,111.3,9.49,0.677,46.157,27.438,3.026,69,4699146,67958,10,1023,39660233,,2795406,31710895,7810227,217789,2699634,3887661,286324,528762,28603253,51459256,13023148,132000,,,,788
2014,珠海,18672129,438795,9386479,8844988,2.35,50.27,47.37,116537,110.2,,109.4,9.6,0.699,47.756,26.825,3.042,69,4344904,62579.63,10.4,1008,37022580,,2939595,29730500,11350492,193099,2243064,2758953,125185,490867,24262400,45706700,14230100,132000,,,11175,782
2013,珠海,16623757,430555.3,8489753,7701787,2.59,51.07,46.33,152512,108.6,,107.6,9.2,0.7,49.03,24.83,2.74,69,3860320,56240.09,10.55,1054,34608578,,2498882,26494764,9608944,168730,1941981,2520300,121303,510801,19722214,38921300,13406248,127115,,,8568,633
2012,珠海,15037642,389474.9,7763935,6884233,2.59,51.63,45.78,95471,106.6,,106.3,10.3,0.73,44.83,19.88,2.39,65,3167026,48484.78,7,927,30725614,,1643758,22284386,7876184,144682,1625997,2122023,88312,438581,17505136,31155117,12167506,123206,,,7582,634
2011,珠海,14049305,365281.9,7644227,6039796,2.6,54.41,42.99,89794,106,,105.4,9.2,0.73,47.52,18.75,2.26,65,2656297,41055.6,11.3,893,33772489,,1656215,20496874,6373858,133764,1434072,1903744,73453,315520,16382079,29800122,11028546,116952,,,6888,629
2010,珠海,12085958,323903.7,6619479,5142575,2.68,54.77,42.55,80697,104.74,,103.7,7.45,0.74,44.17,18.24,2.25,61,2086490,34407.82,12.9,1347,29761820,,1912408,17365120,5015458,122351,1245280,1664116,56984,259700,14725362,27486965,9825958,108190,,,7039,624
2009,珠海,10386627,288748.2,5439477,4658402,2.78,52.37,44.85,69890,102.65,,101.1,6.3,0.83,41.13,16.85,2.17,57,1807817,31760.66,6.6,1386,24050448,,1292731,16752727,4105052,118030,1014106,1212918,39795,232402,10624370,21052044,8280421,101564,,,6683,617
2008,珠海,9920616,290674,5424593,4204357,2.93,54.68,42.38,67591,99.48,99.48,,7.03,0.89,39.08,15.9,2.08,52,1501800,29127.23,9,1131,26037031,24578473,1010085,,3723155,114224,923182,1056005,30006,202746,7486257,15753638,7278631,89897,,,3231,610
2007,珠海,8959010,259811.3,4946269,3752929,2.9,55.21,41.89,61693,95.69,95.69,,5.42,0.89,37.71,14.92,1.88,52,1374219,26611.52,16.7,1106,23573712,22384480,1272397,,3450467,102888,758242,828160,20801,166040,6832344,13880384,5918643,79113,,,3375,603
2006,珠海,7477029,210852.2,4135545,3130632,2.82,55.31,41.87,52185,92.63,92.63,,5.85,0.76,36.62,14.67,1.79,50,1184151,23773.36,16.4,987,19525127,18345243,778736,,2571608,82414,602650,704901,4996,95803,4567088,10637784,5397382,65942,,,2829,593
2005,珠海,6349521,193025.4,3391914,2764581,3.04,53.42,43.54,45284,89.6,89.6,,7.35,0.78,34.4,13.75,1.63,47,1017725,21653.72,13.4,993,15697720,14880222,534798,,2185110,66610,489704,577675,5487,82439,4243337,9254673,4808671,55588,,,3331,585
2004,珠海,5462802,196660.9,3114343,2151798,3.6,57.01,39.39,64960,86.17,86.17,,7.2,0.9,29.81,10.57,1.36,40,797026,20086.34,13.8,847,12626696,12932989,,,1797950,51007,344559,508902,4280,68377,4171818,7697077,4085732,,,,4370,579
2003,珠海,4732742,180317.5,2667847,1884578,3.81,56.37,39.82,58924,82.02,82.02,,11.12,0.97,23.84,11.05,1.26,34,659767,19201.6,17.5,798,10089840,9807129,,,1410518,94153,348215,453492,2808,56572,4126715,6732074,3573900,0,,,4230,575
2002,珠海,4062651,161693.5,2240958,1659999,3.98,55.16,40.86,32682,78.61,55.84,,5.6,1.07,19.32,10.61,,30,552883,18503.45,12.3,790,7588106,7548429,,,1205346,69800,312300,418000,,,,,2972000,,,,4140,570
2001,珠海,3665942,151403.4,2027999,1486539,4.13,55.32,40.55,48931,75.93,53.08,74.9,6,1.23,15.66,10.34,,27,464981,17038.51,,798,6622988,6341936,,,1048682,86468,315600,372600,,,,,2489100,0,,,3921,565
2000,珠海,3302555,138707.3,1832918,1330930,4.2,55.5,40.3,,73.9,51.33,,12.67,1.33,15.12,10.72,,27,419912,15628,11.8,769,6301615,5723870,,,540757,81518,242300,310800,,,,,2160900,0,,,3734,561
1999,珠海,2866141,131842.5,1536252,1198047,4.6,53.6,41.8,,71.4,49.44,,9.94,1.4,15.18,11.43,,27,416900,15282,10.01,763,4694468,4410732,,,1169175,75157,201600,262400,,,,,,,,,3631,552
1998,珠海,2635000,126480,1378105,1130415,4.8,52.3,42.9,,69.48,47.94,,3.81,1.55,14.62,11.57,,27,378940,13926,11.9,,,3828694,,,961286,110657,178900,225200,,,,,,,,,3354,547
1997,珠海,2351974,122537.8,1223497,1005939,5.21,52.02,42.77,,67.34,46.22,,9.6,1.66,15.24,11.74,,28,354802,12795,11.14,,,3664836,,,490912,61643,153900,212700,,,,,,,,,3289,543
1996,珠海,2073203,116099.4,1073919,883184.5,5.6,51.8,42.6,,65.37,44.61,,9.46,6.56,22.45,23.08,,,331732,12259,4.5,,,3210509,,,461208,60200,140900,181800,,,,,,70,,,3155,539
1995,珠海,1990990,105522.5,1059207,826260.9,5.3,53.2,41.5,,63.24,42.91,,9.86,10.04,19.42,30.98,,,281501,10765,16.3,,,2624326,,,646782,53929,151800,165700,,,,,,,,,3020,534
1994,珠海,1656900,90400,907400,659100,5.456,54.765,39.779,,60.66,40.59,,10.6,10.93,18.91,20.11,,,210289,9215.12,,,,1934532,,,962392,51310,131600,145700,,,,,,,,,2878,525
1993,珠海,1218702,,,,,,,,57.46,30.83,,11.6,,,,,,,,,,,,,,596248,,147787,157716,,10452,,,,120,,,3417,522
1992,珠海,942645,,,,,,,,54.97,27.17,,11.3,,,,,,,,,,,,,,486848,,80717,88105,,,,,,,,,2534,891
1991,珠海,604900,76400,272300,256200,12.63,45.016,42.354,11778,52.46,25.53,51.4,12.32,11.58,10.21,13.05,,,78223,,,,,691407,,,128458,13433,62241,70881,,,,,,82,,,2102,880
1990,珠海,411800,75900,164600,171300,18.431,39.971,41.598,8330,50.25,21.9,49.4,11.2,12.1,9.59,13.52,,,55839,,,,,438898,,,104528,6910,44434,55425,,,,,,132,,,1719,871
2022,佛山,127000000,2209452,71299270,53471278,1.74,56.15,42.11,132517,495,,,,,,,,148,16139700,,2.1,9851,,,20055095,118000000,,,7967649,10223337,835955,2059881,181000000,233000000,,,106422,8607,,
2021,佛山,122000000,2115318,68067043,51387639,1.74,55.99,42.27,127085,484,,,,,,,,148,15444253,104280,8.3,9370,,,18811187,116000000,,,8082587,10720104,1016580,1943805,163000000,201000000,,,96487,8306,,
2020,佛山,108000000,1644032,60948160,45567808,1.52,56.35,42.13,114157,,,,,,,,,144,13588896,94536,1.6,8020,,,17029618,96303267,,,7535609,10030420,1015580,1725234,144000000,188000000,,,73870,5652,,
2019,佛山,108000000,1569646,60442122,45498232,1.46,56.22,42.32,133850,461,,449,10.15,0.068,88.147,63.424,10.759,147,12675848,86401,6.9,7902,,,17952418,83581575,,73292,7316156,9413223,981555,1597130,121000000,167000000,83161575,,58747,4582,,
2018,佛山,99358845,1440703,56137747,41770458,1.45,56.5,42.04,127691,437,,428,12.6,0.014,113.865,49.451,7.582,161,12940715,80288,6.27,6206,,,15282530,71652731,,,7031418,8065443,546769,1482310,103000000,150000000,75060093,,51010,5058,,
2017,佛山,93985300,,,,,,,124324,420,,410,16.97,0.02,116.86,48.282,8.663,162,11787845,72712,,6212,,,15607623,66349101,,162349,6615815,7749551,462621,1402545,91576069,136000000,69471617,,36767,4901,,
2016,佛山,86300002,1449840,51460691,33389471,1.68,59.63,38.69,115891,400,,395,10.04,0.02,126.484,45.219,8.23,170,11403952,67187,8.3,5671,212000000,,15898049,63689697,35120393,147167,6045001,6958523,349559,1244663,85156155,128000000,66584572,49994,,,,
2015,佛山,80039186,1360666,48391692,30278824,1.7,60.46,37.83,108299,388.97,,387.3,6.72,0.019,125.562,44.458,8.3,169,10436199,61810,8.5,5787,195000000,,14503979,58456279,30355217,237728,5575469,7999307,302739,1280022,79505348,119000000,62322014,49395,,,,560
2014,佛山,74415994,1339488,46018851,27057655,1.8,61.84,36.36,101617,385.6,,383.6,6.6,0.019,129.378,44.177,9.033,172,9593393,55678.43,8.3,5883,188000000,,13653263,54817599,26124462,265588,5011922,5250119,153760,1057418,75957941,113000000,58069393,46706,,,29098,559
2013,佛山,70101725,1388014,43406988,25306723,1.98,61.92,36.1,183512,381.6,,379.6,6.6,0.02,131.84,42.36,8.67,171,8588605,50355.33,6.01,6163,171000000,,12852946,51502989,23836462,252089,4382128,4883953,163697,1025636,71113052,114000000,56025780,47297,,,27650,538
2012,佛山,66130223,1302765,41132999,23694459,1.97,62.2,35.83,91259,377.7,,376.2,5.8,0.03,37.67,27.25,7.03,62,2861950,46205.2,8.17,5950,147000000,,11405032,46381954,21283257,234984,3840803,4339550,168320,966523,61277564,97842546,51648616,45778,,,25199,551
2011,佛山,65802823,1184451,41863756,22754616,1.8,63.62,34.58,91202,374.8,,372.8,6,0.04,32.15,28.49,7.92,59,2380116,40664.89,12.1,6318,144000000,,10067220,52192149,19339593,215440,3417326,3886840,128974,834638,56151515,91168402,47070568,44551,,,23952,547
2010,佛山,56515223,1051183,35423742,20034647,1.86,62.68,35.45,93983,370.89,,369.3,4.53,0.04,29.14,26.89,7.14,55,2035787,37081.73,14.3,7684,145000000,,10733370,39957710,17196295,196749,3060545,3633477,113366,691057,48689882,84623293,44608183,39675,,,19545,546
2009,佛山,48208972,959358.5,30376473,16873140,1.99,63.01,35,80686,367.63,,366,4.7,0.04,29.94,25.5,6.68,53,,,13.5,7807,118000000,,10525290,31050624,14705603,187367,2546988,2669855,84083,589466,41019722,72111412,39450053,37048,,,17989,545
2008,佛山,43333044,953327,28426477,13953240,2.2,65.6,32.2,72975,364.34,364.34,,4.69,0.05,30.54,24.51,6.11,54,1663651,31044.06,15.17,6738,107000000,96042545,2429891,,12586456,180650,2279940,2445100,79035,541948,30031858,57139523,34941097,36965,,,24418,541
2007,佛山,36051142,821966,23278222,11950954,2.28,64.57,33.15,61199,361.08,361.08,,3.96,0.06,29.32,25.27,6.19,53,1493347,28331.38,19.2,6680,84170611,81901493,3970340,,10896883,157285,1945430,2066701,73738,439656,28207919,48857802,28366734,37157,,,23137,538
2006,佛山,29281591,755465,18423977,10102149,2.58,62.92,34.5,50232,358.06,358.06,,4.04,0.05,28.02,24.49,5.68,51,1277168,25190.69,19.3,6011,62890891,61256100,2382903,,9098300,113700,1570622,1754017,20095,308270,23615900,43350900,26670600,38343,,,19967,534
2005,佛山,23831836,757852.4,14394429,8679555,3.18,60.4,36.42,41266,354.48,,,4.58,0.06,27.21,23.75,5.48,49,1083727,22116.88,19.4,5149,47808828,45286109,1683966,,7571333,92868,1308480,1508546,18679,256597,20562900,37707400,23587800,33326,,,17603,530
2004,佛山,16564573,823259.3,9577636,6163678,4.97,57.82,37.21,47500,350.89,350.89,,4.68,0.06,26.3,22.63,5.44,47,928296,19559.54,16.3,4078,33313103,29553774,,,5654039,172453,952864,1309263,16962,212581,20301200,32588500,20288100,25712,,,15718,527
2003,佛山,13815951,777838,7647129,5392366,5.63,55.35,39.03,40444,344.24,343.7,,3.56,0.07,24.95,21.96,5.25,45,797047,17641.59,16.1,3359,25819560,25662487,,,4236889,122508,954359,1204456,21713,192510,19721400,29495500,17839900,19713,,,14303,524
2002,佛山,11759169,720837.1,6257054,4780102,6.13,53.21,40.65,34850,338.98,174.53,,3.28,0.27,23.48,22.85,,45,712790,15871.52,11.8,2861,20406640,20515677,,,2904266,98355,850000,1041900,,,,,15359000,18613,,,12444,522
2001,佛山,11038915,706490.6,5844002,4488423,6.4,52.94,40.66,32991,335.85,150.38,334.6,4.62,0.26,23.92,21.06,,44,630691,14220.77,,2468,17823476,18119516,,,2381979,99014,833100,946700,,,,,13308300,10589,,,11580,520
2000,佛山,9572042,660470.9,5054038,3857533,6.9,52.8,40.3,,332.46,147.58,,5.62,0.38,25.17,22.3,,47,601208,12789,11.2,2180,15613100,15840384,,,1989628,96322,599200,726400,,,,,12169800,7000,,,12495,519
1999,佛山,8337935,625345.1,4360740,3351850,7.5,52.3,40.2,,329.24,142.83,,8.46,0.51,27.76,22.85,,51,599121,11796,9.48,1748,12930306,12919717,,,1731838,115982,457200,584300,,,,,,6975,,,10180,515
1998,佛山,7825620,633875.2,4124102,3067643,8.1,52.7,39.2,,324.98,139.88,,5.53,0.58,28.99,22.71,,52,575842,11160,13.1,,,11600511,,,1491492,113621,370800,495000,,,,,,6406,,,9969,512
1997,佛山,7245687,628201.1,3961942,2656269,8.67,54.68,36.66,,320.96,146.15,,9.99,43.2,109.17,79.9,,55,591046,10787,15.28,,,9630039,,,1445770,112159,308600,429300,,,,,,6260,,,9574,511
1996,佛山,6374395,599193.1,3499543,2275659,9.4,54.9,35.7,,316.32,142.73,,9.78,42.94,101.4,68.23,,,570745,10406,16.7,,,8614807,,,667911,115939,267300,386000,,,,,,6248,,,14060,508
1995,佛山,5458907,485842.7,3051529,1921535,8.9,55.9,35.2,,311.06,138.64,,10.05,42.03,106.41,72.78,,,536318,9611,22,,,8436523,,,651826,105366,256000,364700,,,,,,5932,,,14660,504
1994,佛山,4363740,403892,2463199,1496649,9.256,56.447,34.297,,305.69,134.63,,12.2,43.99,99.93,58.58,,,448104,8426.18,,,,6282844,,,577007,94445,208500,290600,,,,,,5505,,,7038,500
1993,佛山,3473316,,,,,,,,299.48,113.57,,12.9,,,,,,,,,,,,,,868162,,357907,294384,,52244,,,,4766,,,5089,499
1992,佛山,2393054,,,,,,,,291.15,105.74,,12.5,,,,,,,,,,,,,,517959,,217045,168441,,24420,,,,,,,4303,496
1991,佛山,1666400,216600,1039100,410700,12.998,62.356,24.646,5911,284.42,101.27,281.9,12.68,55.34,69.54,40.85,,,216825,,,,,2807133,,,159973,18222,170396,127485,,,,,,3522,,,1918,492
1990,佛山,1255000,194700,752000,308300,15.514,59.92,24.566,4540,279.4,97.51,276.4,14.9,53.31,68.04,37.85,,,173256,,,,,2060230,,,168687,17799,134893,97083,,,,,,3860,,,1749,488
2022,江门,37730000,3244780,17235064,17250156,8.6,45.68,45.72,78146,403,,,,,,,,61,6193821,,3.3,3264,,,1936425,31751808,,,2630330,4506651,159334,900471,54712221,64176036,,,20501,1183,,
2021,江门,36010000,2949219,16409757,16658226,8.19,45.57,46.26,74722,403,,,,,,,,60,5646648,93578,8.4,2903,,,2416549,29145895,,,2798741,4602455,175065,900034,49205143,57382891,,,21272,964,,
2020,江门,32010000,2740056,13328964,15931377,8.56,41.64,49.77,66984,,,,,,,,,56,4922920,88219,2.2,2535,,,2252446,25164869,,,2640041,4423756,167329,870990,43445747,53590903,,,16891,624,,
2019,江门,31470000,2542776,13525806,15398271,8.08,42.98,48.93,68194,400,,400,3.85,0.104,30.8,28.11,5.192,56,4468066,80332,4.3,2458,,,2230728,22512191,,82329,2568298,4212384,153988,850385,36177222,48311622,30595299,,13282,647,,
2018,江门,29004073,2015783,14081477,12906812,6.95,48.55,44.5,63328,399,,398,7.03,0.1,35.383,28.842,4.616,59,4177211,71371,7.8,2300,,,4047801,21012788,,73429,2440479,3778763,132816,796835,30842527,44011976,24758832,,12273,712,,
2017,江门,26902500,,,,,,,59089,396,,395,6.68,0.057,32.68,23.976,4.146,54,3533840,66107,,2112,,,2369823,19134145,,51096,2223728,3332625,110216,732484,27321868,41234454,23837469,,8577,589,,
2016,江门,24187806,1889068,11508558,10790180,7.81,47.58,44.61,53374,394,,393,7.32,0.051,35.8,23.684,4.223,56,3413926,61366,7.4,1998,42743780,,2381823,18095685,15177723,47634,2041744,2932116,94638,671034,23670598,38700574,24014199,40055,,,,
2015,江门,22400243,1744979,10846198,9809066,7.79,48.42,43.79,49608,391.41,,392.4,5.7,0.055,35.587,22.644,4.212,56,3036508,54106,8.4,2036,39987586,,2262352,17169990,13078743,87941,1990104,2928957,79850,641516,22180100,37668100,22705200,39490,,,,379
2014,江门,20827636,1680790,10215955,8930890,8.07,49.05,42.88,46237,393.4,,393.2,2.3,0.056,36.712,23.151,4.185,57,2759061,48167.96,7.8,1961,36254924,,1708394,16013405,11116497,85377,1772018,2360956,51532,545150,18794090,34612216,21741662,38722,,,13926,378
2013,江门,20001764,1588140,10130893,8282730,7.94,50.65,41.41,50895,393,,392.4,3.8,0.05,37.54,21.93,4.36,57,2440678,42848.98,6.37,2007,31078568,,1560754,14813015,10008418,92304,1580325,2126085,52778,504425,15631518,32073298,20298800,34345,,,9999,375
2012,江门,18803941,1494913,9608814,7700214,7.95,51.1,40.95,42028,391.8,,392.8,0.3,0.04,33.54,19.69,4.49,52,1971059,37985.33,8.1,1851,25194713,,1279637,12592931,8504108,86985,1350341,1881150,54117,440191,13311859,28036122,18531027,30699,,,8996,373
2011,江门,18306373,1383962,9973312,6950930,7.56,54.48,37.97,41063,393.7,,393,3.1,0.05,36.07,18.75,4.71,51,1631265,31910.5,13,2763,46689822,,3109037,12463814,7419441,78914,1191731,1653028,38554,354569,11336885,24909172,16452800,26624,,,8180,371
2010,江门,15704191,1169962,8722108,5812121,7.45,55.54,37.01,37313,392.28,,391.9,2.49,0.11,26.99,17.75,4.47,32,1194236,37495.64,14.5,3274,38289057,,2510807,10501817,6317680,110849,1042878,1329847,29897,262986,9737500,22149700,14619800,23289,,,7458,383
2009,江门,13408813,1043206,7774430,4591178,7.78,57.98,34.24,32139,391.52,,390.7,2.96,0.11,24.19,17.11,4.38,,979836,,9.7,3246,28529181,,1472053,9505027,4920698,103667,836323,1110750,22519,232082,8285000,19130300,12890600,21667,,,6691,382
2008,江门,12805877,1033434,7374905,4397538,8.07,57.59,34.34,30973,389.93,219.77,,2.37,0.13,24.62,16.95,4.28,40,868276,21674.39,10.8,2674,27511900,22461900,582400,,3870646,91680,746842,925977,22100,208717,6064200,16113100,11581600,19173,,,6099,380
2007,江门,11070736,927727.7,6156436,3986572,8.38,55.61,36.01,26882,388.38,219.46,,1.25,0.17,25.31,16.3,4.29,41,789390,19376.29,15.1,2611,22313225,21331914,1067207,,3244700,78334,624301,763994,18776,170347,5842500,13862000,9729700,17431,,,5697,377
2006,江门,9418767,766687.6,5146414,3505665,8.14,54.64,37.22,22936,387.34,219.33,,3.55,0.16,21.72,15.85,4.23,37,608376,16658.71,15.6,2481,17524904,16799038,780691,,2792478,67799,506555,633967,4856,122496,5185100,12864200,9410300,16109,,,5295,373
2005,江门,8053737,724836.3,4253984,3074917,9,52.82,38.18,19636,386.24,218.82,,2.76,0.15,19.81,15.54,4.31,35,523500,15030.15,12.8,2366,14532498,14090561,474524,,2374597,60624,416300,542353,4197,102570,5341675,11637641,8519266,14241,,,5025,370
2004,江门,8345574,766958.3,4190313,3388303,9.19,50.21,40.6,21872,385.53,221.29,,1.92,0.16,19.46,15.58,4.22,34,470892,13736.64,12.2,2132,13228474,12793088,,,2001636,51205,289408,475813,2879,93113,5734209,10299375,7539178,8791,,,4115,367
2003,江门,7300825,735193.1,3546741,3019621,10.07,48.58,41.36,19131,381.98,221.67,,3.26,0.22,18.84,15.64,4.12,34,423262,12405.1,11.1,2111,11169542,10713883,,,1611066,84935,293745,413762,2146,85367,6370084,9170130,6671735,7189,,,4307,363
2002,江门,6608232,701794.2,3197063,2709375,10.62,48.38,41,17344,381.27,144.59,,3.07,0.23,18.51,15.95,,34,381984,11169.12,10.3,1918,10277741,9553576,,,1369324,73546,257400,364400,,,,,5783000,6841,,,4075,346
2001,江门,6151585,690207.8,2925694,2535068,11.22,47.56,41.21,16154,380.74,146.33,380.8,3.42,0.29,18.56,17.23,,36,373455,10262.57,,1817,9443508,8800633,,,1228804,82747,249600,314200,,,,,,6628,,,3710,343
2000,江门,5675106,681012.7,2701350,2292743,12,47.6,40.4,,380.85,145.64,,5.11,0.35,19.92,18.19,,38,365447,9524,15.3,1599,8711460,7997855,,,1090572,76614,212400,279800,,,,,4837500,6055,,,3259,341
1999,江门,5146937,653661,2480824,2012452,12.7,48.2,39.1,,379.84,144.6,,5.71,0.36,21.69,18.3,,42,363063,8679,10.3,1442,8051152,7302707,,,966064,66156,189400,247000,,,,,,6945,,,506,338
1998,江门,4818765,631258.2,2346739,1840768,13.1,48.7,38.2,,378.9,142.85,,6.35,0.39,23.62,19.25,,44,362214,8287,9.1,,,6111975,,,824799,56085,173000,230200,,,,,,6135,,,655,337
1997,江门,4578679,645135.9,2158389,1775154,14.09,47.14,38.77,,377.07,138.19,,7.57,86.08,67.57,69.35,,49,395006,8136,7.24,,,5813080,,,770437,50335,157200,218800,,,,,,5401,,,700,348
1996,江门,4291370,605083.2,2055566,1630721,14.1,47.9,38,,374.37,135.96,,8.09,83.67,70.39,67.29,,,393455,7874,10.7,,,5347473,,,865571,64380,149700,199700,,,,,,3969,,,9580,347
1995,江门,3793935,534944.8,1802119,1456871,14.1,47.5,38.4,,371.81,133.08,,8.33,83.85,70.25,68.91,,,398258,7398,30.5,,,4561296,,,488700,63152,159700,187300,,,,,,3725,,,2661,346
1994,江门,2786479,440944,1398505,947030,15.824,50.189,33.987,,368.7,129.27,,9.1,84.12,62.67,63.51,,,333410,6658.88,,,,3957853,,,454392,53958,134900,168900,,,,,,3282,,,3334,340
1993,江门,2025481,,,,,,,,365,112.52,,9.9,,,,,,,,,,,,,,446025,,161339,134611,,28495,,,,3929,,,2242,339
1992,江门,1422452,,,,,,,,360.48,102.17,,10.3,,,,,,,,,,,,,,247378,,100022,80094,,16936,,,,,,,900,335
1991,江门,1103700,256800,512400,334600,23.267,46.426,30.316,3112,356.54,96.58,354.6,10.81,95.1,53.73,53.51,,,148546,,,,,1402508,,,118465,11827,87341,69461,,,,,,1456,,,2037,331
1990,江门,930900,237400,409500,284000,25.502,43.99,30.508,2663,352.75,93.33,349.6,11.3,94.87,51.44,51.02,,,128881,,,,,1100872,,,76087,7362,70000,56304,,,,,,1191,,,726,328
2022,肇庆,27050000,4863590,11269030,10917380,17.98,41.66,40.36,65513,458,,,,,,,,35,3422906,,1.06,1562,,,1740332,18839000,,,1608381,3975605,75161,861994,29320032,33842818,,,8999,672,,
2021,肇庆,26500000,4579200,11010750,10899450,17.28,41.55,41.13,64269,458,,,,,,,,34,3196645,93205,10.52,1446,,,2018940,16430909,,,1464613,3967991,109396,790432,26300349,30140113,,,7584,602,,
2020,肇庆,23110000,4370101,9019833,9720066,18.91,39.03,42.06,56318,,,,,,,,,35,3121377,90002,2.96,1281,,,1765265,11893485,,,1245066,4305842,101601,785314,24828519,28549986,,,6326,385,,
2019,肇庆,22490000,3859284,9254635,9373832,17.16,41.15,41.68,53936,454,,452,11.01,0.052,14.891,20.169,5.016,35,2761020,78768,6.26,1173,,,1803342,9516481,,94089,1142081,3516452,87078,712588,21523681,26201848,16376390,,4524,309,,
2018,肇庆,22018012,3478846,7745937,10793229,15.8,35.18,49.02,53267,450,,448,12.26,0.06,18.656,19.901,4.889,37,2657937,71451,6.62,1175,,,1539817,8555845,,94405,1060421,3157167,69917,635578,18211947,24717382,15247818,,3901,294,,
2017,肇庆,21100100,,,,,,,51464,446,,445,4.62,0.086,19.487,19.714,5.075,38,2467867,65227,,1163,,,1589022,7859785,,18135,948545,2711538,58617,584554,14977324,22359439,13807093,,2332,188,,
2016,肇庆,20840190,3169793,9994955,7675442,15.21,47.96,36.83,51178,444,,441,15.3,0.086,22.555,19.706,5.035,41,2427755,59591,5.04,1100,40221152,,2252303,7560840,13737439,37049,917002,2481551,42231,563662,12831758,20230922,12217472,86556,,,,
2015,肇庆,19700100,2882125,9903240,6914735,14.63,50.27,35.1,48670,438.27,,436,12.06,0.09,23.362,19.33,5.109,41,2258166,54469,8.2,1110,40343694,,2352720,7669927,13300331,139447,1433604,2677067,49802,552246,12815202,17850075,11609429,81441,,,,870
2014,肇庆,18450647,2719625,9227169,6502008,14.74,50.01,35.24,45795,433.7,,431.8,10.6,0.092,22.542,19.119,5.255,41,2007649,49050.79,10,1083,38635012,,2160492,7538675,11387298,133317,1391326,2417130,40431,553506,11725091,16792576,10750183,75810,,,6382,853
2013,肇庆,16600720,2624574,7910243,6065903,15.81,47.65,36.54,38606,429.8,,428.7,9.1,0.07,21.95,18.64,5.12,39,1742051,44656.52,13.52,1086,34102909,,2181718,6657522,10077778,124109,1207736,2004040,33989,485174,10513955,15944311,9819171,66648,,,4531,824
2012,肇庆,14623503,2386556,6693177,5543770,16.32,45.77,37.91,36864,427.6,,427.3,8,0.11,15.37,16.32,4.82,31,1211456,39155.01,11,1046,28164389,,1921976,6042806,8526039,115159,1038088,1764897,38605,418212,8762674,13246417,8544331,63657,,,3750,823
2011,肇庆,13244142,2263424,5872453,5106941,17.09,44.34,38.56,33642,426.9,,424.7,9.3,0.11,14.1,15.82,4.75,29,1002306,34115.25,14.66,1054,24689557,,1681568,5592962,7100299,102893,922309,1570098,30926,350275,7543518,11971343,7456032,58675,,,3360,812
2010,肇庆,10858680,1902441,4567161,4389078,17.52,42.06,40.42,27836,422.41,,418,18.11,0.14,12.6,14.84,4.72,27,809152,30113.58,17.5,1131,17441889,,981833,3917395,5340659,93388,768042,1276606,22967,267503,6420440,10573821,6502617,55574,,,2869,799
2009,肇庆,8620048,1653325,3196314,3769547,19.18,37.08,43.73,22415,413.69,,412,7.6,0.12,11.95,14.72,4.62,26,680635,26319.99,13.9,1065,11790133,,623413,3781153,4627665,88795,559151,1069336,21464,215116,5543506,9095669,5541367,48227,,,2647,782
2008,肇庆,7158542,1621410,2627901,2909231,22.65,36.71,40.64,18951,410.28,117.88,,6.2,0.16,12.02,14.41,4.52,26,617658,23387.28,14.2,1035,9630200,9120800,419600,,3502881,85833,435571,789942,16644,170151,3741512,7287479,4898728,41794,,,6515,769
2007,肇庆,5922177,1395265,2007026,2519886,23.56,33.89,42.55,15891,407.71,117.47,,6.05,0.18,12,14.23,4.28,26,536497,20834.83,15.3,906,6750380,6390413,278698,,2947859,77496,327411,613473,13345,136168,3033139,6137368,4110207,34281,,,5075,743
2006,肇庆,5160945,1478095,1494094,2188241,28.64,28.95,42.4,13991,404.65,110.97,,14.45,0.19,11.82,14.29,4.2,26,476772,18415.3,14.5,788,4542272,4361007,148973,,2169395,67180,249817,489383,2456,92755,2505466,5491376,3805019,27746,,,4206,733
2005,肇庆,4505704,1417494,1134086,1954124,31.46,25.17,43.37,12315,396.48,110.98,,5.47,0.2,11.42,14.28,4.15,26,434688,16718.77,14.4,685,3211965,3094405,94468,,1780148,60288,204413,406430,1879,75774,2294286,4781445,3359141,19357,,,3792,722
2004,肇庆,5485089,1510594,1954886,2019610,27.54,35.64,36.82,13945,394.05,97.53,,5.4,0.27,10.21,13.23,4.09,23,344832,14914.88,13.2,600,2545103,2404611,,,1459725,48213,157979,355309,1543,70804,2577644,4143620,2930571,16237,,,3273,716
2003,肇庆,4663914,1344140,1566142,1753632,28.82,33.58,37.6,11907,392.65,97.58,,5.17,0.27,10.45,13.49,4.09,24,308960,13069.37,11.4,820,4466533,4177976,,,1147510,68202,144425,318983,3390,70267,2524704,3743693,2567208,17215,,,5946,711
2002,肇庆,4502169,1250252,1667603,1583863,27.77,37.04,35.18,11549,390.75,97.19,,6.01,0.34,10.65,13.48,,24,273119,11184.23,10.3,971,4846510,4175572,,,975672,54551,129800,269600,,,,,2250000,24010,,,5760,705
2001,肇庆,4110187,1175102,1471858,1463638,28.59,35.81,35.61,10600,388.9,93.62,387.8,6.46,94.59,45.56,63.77,,25,244309,9671.77,,960,4304344,3663413,,,880456,47597,123900,229300,,,,,1992700,21852,,,5507,700
2000,肇庆,3833994,1104190,1376404,1349566,28.8,35.9,35.2,,386.6,93.56,,8.4,93.21,45.59,63.83,,26,238218,8989,12.7,981,3920411,3425260,,,825871,44276,110600,197200,,,,,1842100,18157,,,4802,695
1999,肇庆,3923948,1008455,1691222,1224272,25.7,43.1,31.2,,381.27,91.98,,8.43,92.02,46.21,60.95,,29,236701,8219,12.61,953,3608991,3111905,,,785397,42137,95300,177700,,,,,,5671,,,3908,681
1998,肇庆,3560062,957656.7,1516586,1085819,26.9,42.6,30.5,,372.47,93.28,,5.67,89.03,44.91,64.79,,30,224540,7475,13.2,,,2821391,,,738140,40112,84100,155100,,,,,,7581,,,3579,676
1997,肇庆,3310964,948922.3,1368753,993289.2,28.66,41.34,30,,368.34,91.96,,12.22,86.88,44.63,65.95,,33,233748,7122,14.42,,,2756542,,,641128,41871,68900,142200,,,,,,5945,,,3291,670
1996,肇庆,2886120,848519.3,1177537,860063.8,29.4,40.8,29.8,,361.54,90.74,,12,83.64,44.25,66.17,,,227362,6875,15.6,,,2323435,,,404760,36641,63700,127500,,,,,,6035,,,3111,663
1995,肇庆,2416617,737068.2,990813,686319.2,30.5,41,28.4,,355.97,89.39,,12.31,85.8,43.66,61.39,,,215797,6369,26.8,,,1914437,,,562439,34729,60900,117800,,,,,,6020,,,2984,658
1994,肇庆,1842979,576370,763329,503280,31.274,41.418,27.308,,351.61,87.41,,12.4,87.55,42.76,54.79,,,178632,5561.39,,,,1478023,,,387027,3732,71700,148200,,,,,,6680,,,1105,651
1993,肇庆,1337421,,,,,,,,576.45,129.17,,12.3,,,,,,,,,,,,,,452725,,98722,118752,,28020,,,,3566,,,8253,648
1992,肇庆,1505106,,,,,,,,568.75,96.79,,12,,,,,,,,,,,,,,276910,,62526,81494,,17900,,,,,,,913,771
1991,肇庆,1107000,506300,342700,258100,45.736,30.958,23.315,,561.01,88.89,557.2,13.29,164.23,60.5,66.59,,,118248,,,,,696052,,,129800,4417,50329,73940,,,,,,3249,,,1549,762
1990,肇庆,923700,461600,248300,213800,49.973,26.881,23.146,1699,553.38,84.18,543.6,21.7,164.42,60.4,55.32,,,100941,,,,,508512,,,96913,3488,41618,56021,,,,,,3833,,,2153,749
2022,惠州,54010000,2776114,30196991,21036895,5.14,55.91,38.95,89157,416,,,,,,,,105,10611506,,4.21,4365,,,3043979,58705757,,,4417270,6930330,272887,1444418,90936854,77873910,,,27613,2092,,
2021,惠州,49770000,2329236,26532387,20918331,4.68,53.31,42.03,82113,406,,,,,,,,103,10233728,99329,10.1,3873,,,4468674,51542337,,,4553901,6633104,236203,1375662,80956996,72181656,,,25624,2158,,
2020,惠州,42210000,2190699,21341376,18677925,5.19,50.56,44.25,70191,,,,,,,,,98,8839237,89840,1.5,3055,,,3084302,41829223,,,4122263,6373752,245604,1291035,68295973,68133595,,,19058,1706,,
2019,惠州,41770000,2055084,21691161,18027932,4.92,51.93,43.16,86043,390,,385,11.67,0.09,63.634,36.889,7.512,98,8190033,83639,4.2,2764,,,2983983,36693324,,93143,4008561,6149163,251859,1194088,55883102,61498065,26006998,,14577,1592,,
2018,惠州,41030532,1760210,21614884,17655438,4.29,52.68,43.03,85418,381,,375,13.91,0.084,64.31,30.735,5.394,93,7191835,77634,6,2376,,,3373981,36744179,,634865,3930058,5442151,221734,1069211,46508367,58396518,23611950,,14705,1445,,
2017,惠州,38305800,,,,,,,80205,369,,367,8.23,0.111,69.038,29.615,5.269,94,6683244,70890,,2366,,,4995930,32949145,,114354,3890838,5540130,258472,1068551,38186415,50760024,21530379,,11706,1469,,
2016,惠州,34121671,1716320,18374520,14030831,5.03,53.85,41.12,71605,364,,361,14.7,0.087,67.485,28.52,5.395,92,5990003,64766,8.2,2140,76173423,,4837202,29218152,20397056,114252,3613044,5090750,218192,1019079,31551265,45447300,19452277,37322,,,,
2015,惠州,31400306,1516635,17260748,12622923,4.83,54.97,40.2,66231,357.07,,352.8,9.36,0.088,64.467,27.302,5.034,90,5246337,58607,9,1893,70447292,,3731316,24951738,18639306,110499,3400183,4860668,197946,949383,24643503,36125234,17175953,34174,,,,627
2014,惠州,30003674,1410173,16970078,11623423,4.7,56.56,38.74,63657,348.5,,345.9,8.8,0.092,65.333,26.42,4.858,87,4677529,53573.81,10,1815,69013471,,3060016,24209000,16067089,196582,3007453,3729722,197644,850388,21768038,31495471,16401679,30183,,,21765,622
2013,惠州,26783541,1365961,15504992,9909910,5.1,57.89,37,78086,343.4,,342.6,7.6,0.09,59.74,26.25,4.86,85,4000986,47125.87,13.13,1702,66052942,,2799262,21466743,14013040,183417,2501721,3282913,55635,727857,18266246,29849362,15339566,27012,,,19314,614
2012,惠州,23675499,1245331,13772038,8658130,5.26,58.17,36.57,50873,341.9,,342.5,7.6,0.1,65.22,23.66,4.59,86,3570487,41507.64,12.6,1430,54772792,,2193171,19280519,12086803,172782,2008762,2740831,51031,626047,15010215,25075498,13514447,24300,,,17344,601
2011,惠州,20930808,1165846,12231964,7532998,5.57,58.44,35.99,45331,343,,340.2,6.8,0.12,63.08,21.55,4.49,85,3054785,36023.41,14.6,1428,47650331,,2201593,17643300,10252067,156803,1628309,2272099,52944,450302,12954779,23260486,11743416,22007,,,14477,593
2010,惠州,17299543,1024133,10196351,6080789,5.92,58.94,35.15,43397,337.28,,330.8,6.94,0.11,60.5,19.78,4.09,78,2307432,29597.64,17.99,1853,39051731,,1963182,11806189,8940191,143761,1312270,1854379,35738,323894,10976616,20411875,10317915,14305,,,11352,586
2009,惠州,14147026,902580.3,7889796,5354649,6.38,55.77,37.85,35819,324.36,,321.6,6.33,0.12,58.39,19.03,4.1,75,1928867,25786.99,13.2,1870,30051367,,1152592,12651624,7589682,139484,1015651,1347527,23766,258872,9249371,17347202,8674938,12038,,,8645,576
2008,惠州,12903608,907123.6,7595064,4402711,7.03,58.86,34.12,33077,318.84,186.2,,6.01,0.12,55.35,18.19,4.12,76,1723298,22728.81,11.5,1461,25750620,22740192,276265,,5887368,135249,780657,1062985,16299,197635,6598938,13045897,7716558,9286,,,6662,568
2007,惠州,11049758,782322.9,6512727,3754708,7.08,58.94,33.98,28945,312.89,183.35,,6.11,0.1,59.01,17.07,4.01,74,1458774,19644.14,17.4,1387,22179612,21751950,992276,,4869094,122815,620602,860589,10308,156265,5632461,11338239,6476106,8079,,,5936,556
2006,惠州,9349604,780691.9,5454559,3114353,8.35,58.34,33.31,25043,306.41,170.86,,8.53,0.13,50.4,16.76,3.88,67,1168338,17463.95,16.6,1279,18339670,18070761,398960,,3087813,104518,444473,660323,2566,112326,4407589,9467087,6072335,8423,,,5615,547
2005,惠州,8034283,751205.5,4584362,2698716,9.35,57.06,33.59,21896,297.58,166.53,,5.28,0.12,49,16.09,3.92,62,995961,16017.39,15.8,1244,14286640,14237804,367143,,3523708,104187,347218,524097,1766,99692,3724240,8239312,5222112,8106,,,4786,541
2004,惠州,6851423,829707.3,3909422,2111609,12.11,57.06,30.82,23642,293.22,114.27,,5.19,0.46,37.75,15.31,3.69,53,737530,13855.53,,837,11197762,11319430,,,2976139,63228,254208,459451,1700,85647,3478121,6651342,4472809,8046,,,4202,538
2003,惠州,5909772,730447.8,3479083,1700241,12.36,58.87,28.77,20758,286.36,111.85,,5.4,0.83,35.2,14.88,3.56,49,644073,13266.18,13.9,808,10204438,10131299,,,2284704,140703,241238,387786,1798,70696,3138211,5719088,3795484,6586,,,3506,535
2002,惠州,5252036,737911.1,3024122,1490003,14.05,57.58,28.37,18641,283.02,109.02,,4.74,1.01,31.78,15.06,,46,522965,11317.14,11.1,765,8623884,8474109,,,1047340,108208,197200,330100,,,,,3191000,5449,,,3984,532
2001,惠州,4803938,691767.1,2772833,1339338,14.4,57.72,27.88,17210,280.45,100.57,279.1,4.97,1.07,26.78,15.05,,43,446319,10481.89,,702,7081192,6877265,,,844273,276427,189700,268500,,,,,2740800,5841,,,3850,530
2000,惠州,4403450,651710.6,2554001,1197738,14.8,58,27.2,,277.81,98.4,,7.2,0.93,26.07,15.19,,42,399339,9606,12.3,690,6578284,6439338,,,774104,83319,133500,202100,,,,,2493100,4911,,,4278,528
1999,惠州,3923696,619944,2240430,1067245,15.8,57.1,27.2,,271.82,94.18,,6.83,1.01,25.2,15.89,,41,367557,8882,10.84,710,5472135,5190216,,,665760,98383,107500,168200,,,,,,4562,,,3282,522
1998,惠州,3619890,579182.4,2059717,980990.2,16,56.9,27.1,,270,92.81,,4.94,68.64,51.07,63.51,,42,329724,7836,11.4,,,4706445,,,603754,97026,94300,149700,,,,,,3629,,,1763,518
1997,惠州,3228699,558564.9,1806134,863677,17.3,55.94,26.75,,266.53,89.8,,11.28,67.49,50.85,62.61,,44,305664,6966,20.47,,,5037636,,,588301,96855,76100,132400,,,,,,3827,,,2300,512
1996,惠州,2718412,464848.5,1459787,793776.3,17.1,53.7,29.2,,260.08,85.23,,11.76,66.44,49.42,49.42,,,287574,6890,17.8,,,4020339,,,405661,90990,70700,116400,,,,,,2804,,,2488,508
1995,惠州,2304263,403246,1154436,744276.9,17.5,50.1,32.3,,255.9,80.61,,11.46,64.47,48.74,59.46,,,275711,6716,25.4,,,3136139,,,327208,79802,76900,118300,,,,,,2419,,,2610,507
1994,惠州,1800707,342235,846577,611895,19.006,47.014,33.981,,251.16,75.35,,12.1,61.11,44.26,52.13,,,230993,6261.67,,,,2089811,,,409812,78877,74400,112200,,,,,,2036,,,2742,501
1993,惠州,1329652,,,,,,,,245.72,71.25,,12,,,,,,,,,,,,,,471572,,93622,108904,,16520,,,,3042,,,2619,498
1992,惠州,841348,,,,,,,,239.33,65.36,,11.9,,,,,,,,,,,,,,235124,,57606,77309,,11333,,,,,,,2356,412
1991,惠州,614300,189100,220300,204900,30.783,35.862,33.355,2676,232.86,61.31,229.5,12.59,63.67,27.63,40.65,,,88471,,,,,431889,,,151257,15207,39449,53729,,,,,,2585,,,2378,401
1990,惠州,487900,175400,144400,168100,35.95,29.596,34.454,2180,226.16,53.39,223.8,12.7,64.46,23.64,33.65,,,63016,,,,,254549,,,112843,15662,28098,43934,,,,,,2226,,,2130,394
2022,东莞,112000000,369600,65139200,46502400,0.33,58.16,41.52,106803,292,,,,,,,,276,25911791,,0.62,13844,,,9256655,169000000,,,7661306,8616007,328977,2151859,157000000,225000000,,,95581,10700,,
2021,东莞,109000000,347360,63186955,45004830,0.32,58.21,41.46,103284,279,,,,,,,,284,25254340,88965,8.19,12778,,,12090057,149000000,,,7695691,8825324,328289,2136897,141000000,192000000,,,94573,11690,,
2020,东莞,96500000,299150,51926650,44274200,0.31,53.81,45.88,92176,,,,,,,,,277,22086422,79601,1.1,11525,,,7969135,127000000,,,6947509,8403253,341923,2028916,120000000,174000000,,,74303,8718,,
2019,东莞,94820000,284460,53611228,40924312,0.3,56.54,43.16,112507,251,,241,11.84,0.11,210.709,76.508,9.937,289,21402401,74017,7.42,10658,,,7732712,118000000,,129092,6732663,8630134,253628,1853932,95997294,154000000,63169006,,60419,8005,,
2018,东莞,82785920,248357.8,40275350,42262212,0.3,48.65,51.05,98939,232,,221,13.28,0.032,193.822,48.562,4.519,245,17152468,69937,7.42,7704,,,6119749,103000000,,127247,6499110,7654053,393445,1554296,79996011,134000000,56013557,,65985,6716,,
2017,东莞,75820900,,,,,,,91329,211,,206,17.46,0.031,196.531,45.837,4.193,241,14844731,61619,,7669,,,7220424,89956725,,171893,5920682,6676462,339579,1475796,68554427,118000000,51034188,,45204,4969,,
2016,东莞,68276868,238969,31735088,36302811,0.35,46.48,53.17,82682,201,,198,8.53,0.028,189.766,41.445,3.785,228,13160504,57649,8.1,5869,147000000,,5027329,74454397,15574580,392617,5447543,5992899,279373,1429470,64024779,112000000,48829068,112603,,,,
2015,东莞,62750737,213352.5,29223018,33320641,0.34,46.57,53.1,75616,195.01,,193.2,6.48,0.027,191.87,40.378,3.57,231,12308012,53221,8,5688,127000000,,4075012,61892638,14465180,531982,5179682,5812410,308338,1309337,59808985,99687961,46306942,114626,,,,542
2014,东莞,58813173,205846.1,27942138,30665188,0.35,47.51,52.14,70605,191.4,,190.2,5.9,0.011,199.18,39.555,3.605,238,11319163,47599.51,7.77,5377,121000000,,3659798,56997425,14271099,452919,4552119,4576816,141031,1189383,55623579,93232801,46482691,69866,,,15375,539
2013,东莞,54900207,203130.8,25188215,29508861,0.37,45.88,53.75,290477,188.9,,188,6.9,0.07,204.02,40.83,3.59,245,10499782,42870.25,9.58,5361,110000000,,3137479,53155504,13839352,393775,4092897,4446589,170307,1135943,47742282,86307325,44764310,60877,,,12863,557
2012,东莞,50101727,185376.4,23758239,26158112,0.37,47.42,52.21,58804,187,,185.9,8,0.09,8.6,16.6,2.74,24,1434133,59408.99,6.1,4526,94925533,,2916748,45900348,11803493,336938,3563245,3855844,185411,927975,41956074,74304570,42042032,52381,,,11191,528
2011,东莞,47353949,179945,23662768,23511236,0.38,49.97,49.65,57470,184.8,,183.3,6,0.1,8.23,16.54,2.63,25,1229001,49898.54,8,4243,84696933,,3165403,41732138,10797662,305052,3130639,3519171,181369,832341,37160847,66093904,37109919,45081,,,10165,523
2010,东莞,42464527,165611.7,21610198,20688718,0.39,50.89,48.72,66351,181.77,,180.2,6.13,0.07,8.82,14.31,2.61,22,1029873,46579.51,10.3,5899,77390869,,3523632,37888251,11149822,273171,2778422,2893306,79830,653090,33298244,59433885,33868535,38293,,,9312,564
2009,东莞,37639142,146792.7,18232400,19259949,0.39,48.44,51.17,56601,178.73,,176.8,5.16,0.07,9.35,13.26,2.56,22,944243,42591.02,5.3,5839,59351547,,1555526,31335701,10940753,259400,2311561,2259371,116821,129678,29038000,49866100,29045700,33992,,,8733,561
2008,东莞,37025344,122183.6,19541977,17361184,0.33,52.78,46.89,53285,174.87,76.8,,6.08,0.06,7.84,13.34,2.55,20,809893,39506.98,14,4987,63722777,60620102,1234528,,9443426,322570,2092248,2158269,93395,365387,23803585,43545340,26380433,28656,,,5971,555
2007,东莞,31519126,119772.7,17909167,13490186,0.38,56.82,42.8,46027,171.26,73.67,,5.88,0.05,8.26,13.16,2.48,20,707007,35279.79,18.2,4987,58515054,57913046,1891786,,8412074,211759,1864468,1930968,91232,412347,21547660,37518345,21207413,25178,,,5676,546
2006,东莞,26265085,118192.9,15273147,10873745,0.45,58.15,41.4,39468,168.31,70.42,,5.77,0.06,8.52,12.22,2.39,20,608670,31134.02,19.2,4580,48397003,47954112,1600791,,7054511,180789,1289445,1478955,3874,244113,17305554,33656508,20133979,22005,,,5481,537
2005,东莞,21816245,196346.2,12363266,9256633,0.9,56.67,42.43,33263,165.61,459.45,,1.49,0.06,8.17,11.56,2.33,18,518000,28777.78,19.4,4505,39420346,39121487,1243516,,5972433,122490,1039680,1170427,3956,171055,15005217,29334026,17282760,16645,,,6400,531
2004,东莞,11552982,277271.6,6406129,4869582,2.4,55.45,42.15,71997,161.97,61.48,,5.92,0.06,7.89,10.4,2.23,17,432893,25330.19,19.6,2049,25832222,27331880,,,4338961,213875,826389,941554,6421,139337,14052461,24628693,14316777,9104,,,7858,529
2003,东莞,9479654,280597.8,5122805,4076251,2.96,54.04,43,60158,158.96,56.87,,5.62,0.06,7.39,9.96,2.12,16,362935,22598.69,19.5,2042,21449306,22598003,,,3193889,175400,674461,765190,1280,163390,12067237,21267775,12310616,6884,,,5877,523
2002,东莞,6728910,303473.8,3696863,2728573,4.51,54.94,40.55,43401,156.19,56.27,,5.86,0.05,7.9,9.44,,16,291778,17802.2,18.5,1805,13526912,14657200,,,1915741,145868,552900,649600,,,,,10017000,5144,,,5857,484
2001,东莞,5789340,315519,3152875,2320946,5.45,54.46,40.09,37777,153.89,40.37,153.2,6.98,0.04,7.68,9.27,,17,261645,15409.01,,1680,10396813,11312944,,,1254945,114721,450200,478600,,,,,7991800,3802,,,5527,481
2000,东莞,4897332,308531.9,2688635,1900165,6.3,54.9,38.8,,152.61,39.61,,7.47,0.05,7.68,9.07,,17,229404,13720,17.9,1663,9146437,9889058,,,1028924,108737,302200,336100,,,,,6720700,3241,,,5431,478
1999,东莞,4128370,305499.4,2245833,1577037,7.4,54.4,38.2,,150.82,38.73,,10.16,20.83,40.84,30.6,,16,204551,12480,11.17,1545,7591703,7951182,,,883201,145732,182600,212600,,,,,,2241,,,5016,475
1998,东莞,,,,,,,,,148.77,37.84,,4.4,20.62,39.22,27.9,,16,187636,11420,,,,6399088,,,769953,93033,151000,191500,,,,,,,,,4776,472
1997,东莞,2947037,300008.4,1558688,1088341,10.18,52.89,36.93,,147.12,36.97,,11.27,20.85,39.51,27.16,,16,175157,10693,17.78,,,3473991,,,659841,87960,109300,143700,,,,,,2025,,,4644,468
1996,东莞,2451106,289230.5,1308891,855436,11.8,53.4,34.9,,145.25,36.14,,11.98,20.71,40.37,26.68,,,178968,10381,16,,,2838381,,,410192,68931,96500,124100,,,,,,1771,,,4451,465
1995,东莞,2056273,246752.8,1120669,688851.5,12,54.5,33.5,,143.65,35.38,,13.02,20.25,40.77,25.82,,,171543,9681,25.3,,,2758412,,,384290,67247,115600,132200,,,,,,1628,,,4266,462
1994,东莞,1545383,199519,821302,524562,12.911,53.146,33.944,,141.4,34.55,,17.8,20.12,37.99,25.38,,,131160,8359.46,,,,2104349,,,240431,77874,76900,96200,,,,,,1451,,,3646,967
1993,东莞,1149478,,,,,,,,138.92,33.74,,13.2,,,,,,,,,,,,,,216789,,93828,72910,,2227,,,,1079,,,3256,962
1992,东莞,845408,,,,,,,,136.06,32.71,,13.3,,,,,,,,,,,,,,136618,,56204,38162,,2580,,,,,,,2895,943
1991,东莞,748400,149800,371100,227600,20.016,49.586,30.412,5638,133.65,31.86,132.8,13.29,26.34,32.31,18.33,,,54002,,,,,625294,,,123014,14676,42436,26788,,,,,,150,,,2456,940
1990,东莞,646100,146600,305900,193600,22.69,47.346,29.964,4959,131.85,30.87,130.3,12.3,27.15,30.52,17.43,,,46780,,,,,472717,,,66950,10010,35139,22198,,,,,,,,,2701,928
2022,中山,36310000,893226,17951664,17468741,2.46,49.44,48.11,81950,208,,,,,,,,72,7422753,,0.5,4959,,,3021863,44962266,,,3160358,4630957,287915,1021737,68066316,77325728,,,43328,1939,,
2021,中山,35660000,909330,17619606,17141762,2.55,49.41,48.07,80157,199,,,,,,,,76,7518849,98818,8.2,4626,,,3124396,43846527,,,3164715,4724790,255318,1070536,62766404,68349625,,,41513,1546,,
2020,中山,31520000,718656,15570880,15230464,2.28,49.4,48.32,71478,,,,,,,,,72,6883760,95309,1.5,3868,,,3097252,36767026,,,2875437,3756304,239308,831736,55473499,65386766,,,39698,1032,,
2019,中山,31010000,626402,15219708,15166991,2.02,49.08,48.91,92709,183,,183,18.67,,55.22,21.116,3.306,75,6401400,85691,1.2,3635,,,2508276,31137143,,55154,2833824,4117302,333279,739036,48208816,59887685,28709166,,33395,7808,,
2018,中山,36327013,617559.2,17803869,17909217,1.7,49.01,49.3,110585,177,,166,13.14,,55.22,21.116,3.306,74,5508724,74484,5.9,3212,,,2199510,28726550,,52716,3152264,4378919,410488,703493,40363878,59304923,26428979,,34114,8165,,
2017,中山,34303100,,,,,,,105711,170,,166,17.76,,58.023,19.876,2.747,76,5158695,68039,,3211,,,2255010,28247786,,50934,3127302,4552818,440982,665350,37349276,54137669,24357315,,27444,1493,,
2016,中山,32027780,682191.7,16772948,14572640,2.13,52.37,45.5,99471,161,,160,8.57,,61.255,19.691,2.992,80,5152880,64790,7.8,3089,66147981,,3326896,27590188,11490146,47446,2950082,3668972,278829,654918,33670854,50310008,23094433,48661,,,,
2015,中山,30100326,665217.2,16326417,13108692,2.21,54.24,43.55,94030,158.68,,157.4,11.9,,63.075,19.863,3.084,83,4890031,58776,8.42,3045,63452777,,3228305,25367081,10554086,45682,2874655,3541653,165573,644391,27849300,41295729,21944716,39951,,,,127
2014,中山,28230069,669052.6,15608405,11952611,2.37,55.29,42.34,88682,156.1,,155.1,6,0,69.608,19.848,2.996,88,4692087,53125.99,8,2963,60320925,,2911481,23868591,9036570,68079,2515973,2612636,128694,719350,24525150,39264526,20390928,39964,,,18864,127
2013,中山,26389329,667650,14638161,11083518,2.53,55.47,42,171359,154.1,,153.1,7.1,,71.73,19.11,3.1,90,4356112,48449.69,8.11,2973,56737453,,2744789,22081808,9629280,64637,2253068,2366583,105594,661004,21113966,37865572,19326712,38641,,,16719,127
2012,中山,24410432,622466,13535585,10252381,2.55,55.45,42,77527,152,,151.4,5.3,,19.91,13.07,2.73,31,1758773,55869.54,11,3192,57021597,,2837720,19772051,8934346,84177,2018858,2152501,109585,603403,17867686,32243974,17535814,36326,,,17261,127
2011,中山,21931985,583390.8,12231468,9114933,2.66,55.77,41.56,70014,150.7,,150,5.7,,19.31,11.96,2.5,32,1526208,48420.3,13.1,3170,57468368,,3314707,18647482,7669539,73044,1832161,1924470,83918,514299,15385371,29160946,15857446,36338,,,11439,127
2010,中山,18506521,507078.7,10741185,7258258,2.74,58.04,39.22,73348,149.18,,148.5,5.33,,17.99,11.05,2.46,28,1118205,40573.48,13.9,5063,50236309,,2739693,17432968,6603747,72964,1393743,1458491,67248,382708,13298923,26030212,14437422,35285,,,9828,126
2009,中山,15664106,452692.7,9044455,6166959,2.89,57.74,39.37,62304,147.86,,147.2,5.42,,16.41,10.28,2.44,25,907602,36159.44,10.2,5036,40579706,,1959582,14354147,5456051,76601,1104412,1171169,47840,294645,11425334,21595903,12209529,34598,,,9182,125
2008,中山,14085194,443683.6,8506049,5135462,3.15,60.39,36.46,56106,146.43,77.26,,4.04,0.01,14.7,9.58,2.15,25,781723,31700.04,10.5,5077,36757365,33348382,1685593,,4450813,83329,1001232,1016189,39921,254432,8255963,17698378,10588538,32292,,,6991,125
2007,中山,12380456,380080,7533507,4466869,3.07,60.85,36.08,49488,145.15,76.3,,3.72,0.01,16.75,9.36,2.16,26,705439,27502.5,15.7,4300,32835659,30494205,1183428,,3992242,73488,861171,877559,26534,211779,7170936,15106612,8755364,32172,,,6652,124
2006,中山,10363164,316076.5,6384745,3661306,3.05,61.61,35.33,42058,142.26,73.79,,3.73,0.01,16.34,8.97,2.12,24,599377,24953.25,16.8,3727,27562652,26203136,795170,,3469510,71920,664477,643558,2688,128667,5715131,13276546,8327675,24477,,,6177,123
2005,中山,8802018,308070.6,5393877,3100071,3.5,61.28,35.22,36208,140.82,72.11,,4.34,0.01,14.74,8.58,1.99,23,509467,22305.91,23.2,3292,22214508,20829699,550459,,3209197,65110,542584,567056,1964,98363,4790192,11311938,7250554,15025,,,5985,122
2004,中山,6101413,305070.7,3964698,1831644,5,64.98,30.02,44005,139.45,59.59,,4.62,0.04,10.74,7.37,1.89,18,386361,21681.31,18.72,2542,16947067,16223033,,,2912893,50983,345413,431798,1638,82150,4774240,9597181,6149218,8772,,,4708,122
2003,中山,5014043,272262.5,3159348,1582432,5.43,63.01,31.56,36614,137.86,58.76,,4.54,0.04,9.04,6.97,1.8,16,322782,20377.65,18.6,2496,13092541,12764297,,,2620572,94660,366327,398741,1311,67596,4956582,8451935,5436969,4524,,,4331,122
2002,中山,4156701,261872.2,2462845,1431983,6.3,59.25,34.45,30693,136.03,43.56,,3.47,0.03,7.67,6.69,,14,260933,18799.21,16.5,2018,9480794,9210379,,,2189987,63900,312100,349700,,,,,4629000,3594,,,3956,122
2001,中山,3625016,250126.1,2069522,1305368,6.9,57.09,36.01,26994,134.83,42.69,134.3,4.3,0.04,7.74,6.6,,14,235327,16285.61,,1516,6844242,6579758,,,1779923,73773,255500,267800,,,,,1326800,4821,,,3468,122
2000,中山,3128236,244002.4,1704889,1179345,7.8,54.5,37.7,,133.75,41.58,,7.65,0.03,7.75,6.73,,15,209425,14179,11.8,1074,5329505,5107224,,,1099453,64980,174600,192400,,,,,3546500,3270,,,3132,122
1999,中山,2726750,242680.8,1434271,1049799,8.9,52.6,38.5,,132,40.41,,10.92,22.12,46.01,42.47,,15,191102,12606,10.36,831,4402419,3894064,,,758024,57826,139700,161200,,,,,,2975,,,3085,120
1998,中山,,,,,,,,,130.08,39,,6.02,21.96,42.44,40.65,,15,176860,11814,,,,4215122,,,662417,55799,117000,135900,,,,,,,,,2765,120
1997,中山,2209508,230451.7,1127733,851323.4,10.43,51.04,38.53,,128.36,37.95,,9.25,21.17,41.31,40.29,,16,176145,11037,20.74,,,3444109,,,598864,50576,94900,112500,,,,,,1791,,,2837,119
1996,中山,1811476,219188.6,938344.6,653942.8,12.1,51.8,36.1,,126.84,36.84,,8.53,21.78,40.34,38.72,,,172486,10441,8,,,2903291,,,172234,50050,81800,101900,,,,,,1106,,,2555,119
1995,中山,1552142,201778.5,791592.4,558771.1,13,51,36,,125.25,35.57,,9.1,21.87,32.27,35.58,,,149515,9640,15.6,,,2730008,,,149585,45036,80700,95700,,,,,,1009,,,4130,118
1994,中山,1300242,183104,677952,439186,14.082,52.14,33.777,,123.56,34.12,,11.1,21.53,35.05,35.42,,,120487,8686.88,,,,1950664,,,211366,42038,67400,79500,,,,,,750,,,5451,117
1993,中山,980331,,,,,,,,121.67,32.88,,12.1,,,,,,,,,,,,,,211604,,94825,75405,,14268,,,,647,,,2604,117
1992,中山,713792,,,,,,,,119.25,30.99,,12.6,,,,,,,,,,,,,,106372,,60919,44055,,6619,,,,,,,2383,349
1991,中山,526700,145600,254000,127000,27.644,48.225,24.112,4546,116.85,28.9,115.9,12.93,24.27,25.91,23.53,,,60204,,,,,744194,,,68749,10264,47795,29214,,,,,,466,,,1562,341
1990,中山,435500,136400,188200,110900,31.32,43.215,25.465,3829,114.87,27.88,113.7,18.6,25.26,22.09,20.38,,,48884,,,,,547369,,,29509,5328,38735,25641,,,,,,494,,,420,336
2022,香港,233000000,,,,,,,280406.6,742,742,,10.5,1,50,620,20.3,381,,,-3.5,,35869626,,,,1097200,,469000000,545000000,,,,670000000,1540000000,475864,20743,12137,7600.6,
2021,香港,240000000,181122.3,14363936,200000000,0.075524,5.98946,83.58805,280406.6,741.31,741.31,7.41,10.3,1,50,610,,,,,6.34,,36895400,,,,,,481000000,447000000,3013840,1635550,,649000000,1520000000,469532,22495,15346,8842.3,
2020,香港,224000000,221884.2,13835250,215000000,0.098961,6.170582,95.88697,300838,747,747,7.48,10.1,1,50,600,19,358.1,,,-6.55,,34494300,,,,,,447000000,563000000,2782690,1473520,,812000000,1450000000,463672,22245,8387,8900.1,
2019,香港,236000000,170631.3,14761061,212000000,0.072302,6.254728,90.00076,298368.2,,,7.51,9.9,1,50,590,,,,,-1.25,,36307500,,,,,,469000000,419000000,2655360,1412930,,820000000,1380000000,469596,17323,7300,10275.8,
2018,香港,235000000,146112.1,15233476,209000000,0.062142,6.478879,88.69723,287743.2,,,7.45,9.7,1,50,580,,,,77786.08,2.85,5240,36173100,,,74129378,,,438000000,352000000,2633260,1343240,,772000000,1340000000,463994,16777,10414,10974.5,5601
2017,香港,222000000,144792.9,16013210,197000000,0.065273,7.218762,88.63548,312125.5,,,7.39,9.5,1,50,570,,,,,3.8,,34127300,,,,,,,,2447840,1233790,,,,,,,,
2016,香港,209000000,158934.9,15591191,187000000,0.076206,7.475667,89.52652,289939.3,,,7.34,9.3,1,50,560,,,11098493,,2.18,,32086000,,,,,,,,2128040,1083710,445910,,,,,,,
2015,香港,201000000,136677.9,14193626,181000000,0.067965,7.057971,89.83635,273425.8,,,7.29,9.1,1,50,550,17.7,335.2,,,2.39,,30938600,,,,,,,,,,,,,,,,,
2014,香港,189000000,125404.6,13389291,171000000,0.066194,7.067491,90.47527,247704.3,,,7.23,8.9,1,50,540,,,,,2.76,,29146000,,8256048,,,,,,,,,,,,,,,
2013,香港,179000000,102662.5,12450484,163000000,0.057288,6.947699,91.11385,237692.8,,,7.18,8.7,1,50,530,,,,,3.1,,27569700,,,,,,291000000,269000000,,,,514000000,918000000,468340,14468,7102,12632.1,6059
2012,香港,171000000,93355.16,11684229,157000000,0.054687,6.844539,91.92184,232169,,,7.15,8.5,1,50,520,,,,,1.7,,26262900,,,,,6556119,,,1481620,757630,,,,,,,,
2011,香港,162000000,78828.37,10850507,148000000,0.0488,6.717173,91.5084,227041.1,,,7.07,8.3,1,50,510,,,,,4.81,,24851400,,,,,7050016,,,,,,,,,,,,
2010,香港,149000000,79313.19,10159032,135000000,0.053368,6.835799,90.91291,220267.6,710,710,7.02,8.1,1,50,500,16.4,312.3,,,6.77,,22863900,,,,,6056677,,,,,,,,,,,,
2009,香港,139000000,91398.13,9559909,123000000,0.065692,6.871153,88.3965,209888.6,,,6.97,7.9,1,50,490,,,,,-2.46,,21404800,,,,,4607547,,,,,,,,,,,,
2008,香港,143000000,77214,9980223,125000000,0.054173,7.002133,87.82119,218899.4,,,6.96,7.7,1,50,480,,,,,2.13,,21927900,,,,,4103640,,,,,,,,,,,,6190
2007,香港,138000000,84568.15,9477882,124000000,0.061487,6.8911,90.29065,230841.7,,,6.92,7.5,1,50,470,,,,,6.46,,21159700,,,,,2770342,,,,,,,,,,,,
2006,香港,126000000,79243.8,10058691,113000000,0.062993,7.995905,89.95828,224678.4,,,6.86,7.3,1,50,460,,,,,7.03,,19353500,,,,,2130718,,,,,,,,,,,,
2005,香港,118000000,79648.46,9981800,105000000,0.067487,8.457715,89.05885,215601.6,,,6.81,7.1,1,50,450,15.1,289.4,,58393.08,7.39,,18156900,,,,,1794879,,,,,,,,,,,,
2004,香港,110000000,80373.65,10082428,97112571,0.073124,9.172944,88.35255,206320.5,,,6.78,6.9,1,50,440,,,,,8.7,,16910000,,,,,1899830,,,,,,,,,,,,
2003,香港,105000000,78883.49,10341668,92007455,0.075198,9.858539,87.70917,197863.8,,,6.73,6.7,1,50,430,,,,,3.06,,16138600,,,,,1770010,,,,,,,,,,,,6389
2002,香港,108000000,95263.43,11500955,92566888,0.088104,10.63655,85.6096,203752.2,,,6.74,6.5,1,50,420,,,,,1.66,,16634900,,,,,1786093,,,,,,,,,,,,
2001,香港,110000000,98515.16,12495506,93254680,0.089468,11.34791,84.69013,209006.5,,,6.71,6.3,1,50,410,,,,,0.56,,16940400,,,,,1671730,,,,,,,,,,,,
2000,香港,112000000,97443.27,13482044,93460860,0.087327,12.08233,83.75771,213024.2,,,6.66,6.1,1,50,400,13.8,266.5,,,7.66,,17166900,,,,,1549998,,,,,,,,,,,,
1999,香港,108000000,,,,,,,207788.4,,,6.61,5.9,1,50,390,,,,64467.84,2.51,,16576800,88630531,,,,1636305,,,,,,,,,,,,
1998,香港,110000000,,,,,,,213671.3,,,6.54,5.7,1,50,380,,,,,-5.88,,16888500,,,,,1850836,,,560250,,,,,,,,,6801
1997,香港,115000000,,,,,,,226515.3,,,6.49,5.5,1,50,370,,,,,5.1,,17735300,,,,,2063200,,,,,,,,,,,,6745
1996,香港,104000000,,,,,,,206395.7,,,6.44,5.3,1,50,360,,,,,4.26,,15971800,,,,,2067732,,,,,,,,,,,,
1995,香港,94023992,14465.2,,,,,,196020.9,,,6.16,5.1,1,50,350,12.5,243.6,,,2.37,,14465200,,,,,2006037,,,,,,,,,,,,
1994,香港,88277651,13581.2,,,,,,193549.8,603.54,603.54,6.04,4.9,1,50,340,,,,,6.04,,13581200,,,,,1966544,,,,,,,,,,,,
1993,香港,78230238,12035.4,,,,,,117667.4,590.1,590.1,5.9,4.7,1,50,330,,,,,6.2,,12035400,,,,,1727475,,,,,,,,,,,,
1992,香港,67777130,10427.3,,,,,,99163.15,580.05,580.05,5.8,4.5,1,50,320,,,,,6.23,,10427300,,,,,750707,,,,,,,,,,,,
1991,香港,57823999,88960,,,,,,82426.07,575.2,575.2,5.75,4.3,1,50,310,,,,,5.7,,8896000,,,,,240525,,,,,,,,,,,,
1990,香港,50003710,76929,,,,,,70000.32,570.45,570.45,5.7,4.1,1,50,300,11.2,221.8,,,3.83,,7692900,,,,,188000,,,,,160554,,,,,,,
2022,澳门,17394615,134081.6,1756320,15504213,0.770823,10.09692,89.13226,250174.2,69.53,69.53,69.53,1.251258,0.4,1.85,2.4616,2.3,14.9,660000,44295.3,-26.5849,889,1756320,360000,420000,1700000,121230,705000,62800000,70338731,160000,373332.8,1430000,1879020,700000,33810,7200,3513,590,2.087988
2021,澳门,22018959,142538.9,1692180,20184240,0.647346,7.685105,91.66755,320695.6,68.66,68.66,68.66,1.500146,0.45,1.9055,1.9754,2.2,14.7,640000,43537.41,19.27,887,1692180,239400,410000,1650000,114718,664000,60000000,66549600,155000,361666.2,1400000,1839600,680000,32626,6900,3367,580,2.061862
2020,澳门,18019584,135813,1528650,16355121,0.753697,8.48327,90.76303,266443.6,67.63,67.63,67.63,1.863079,0.55,1.7241,1.8,2.1,14.5,620000,42758.62,-54.24,885,1528650,200000,400000,1600000,108388,624500,58000000,62923500,150000,349999.5,1350000,1773900,660000,31214,6600,3220,570,2.030931
2019,澳门,39163302,150011.4,1659474,37353817,0.383041,4.237319,95.37964,590075.4,66.37,66.37,66.37,1.913515,0.65,1.65,1.9,2,14.3,600000,41958.04,-4.71,883,1659474,162162.5,390000,1550000,102235,586500,56000000,59439600,145000,338332.9,1300000,1708200,640000,29942,6300,3074,560,1.993093
2018,澳门,39240801,143375.3,1605438,37491988,0.365373,4.091247,95.54338,602777.3,65.1,65.1,65.1,1.904762,0.75,1.7241,2,1.9,14.1,580000,41134.75,6.46,881,1605438,153153.7,380000,1500000,96254,550000,54000000,56097900,140000,326666.2,1250000,1642500,620000,28622,6000,2928,550,1.954955
2017,澳门,35823024,156163.9,1790298,33876562,0.435932,4.997618,94.56645,560961.9,63.86,63.86,63.86,1.863451,0.85,2.0141,2.1,1.8,13.9,560000,40287.77,9.98,879,1790298,144645.8,370000,1450000,90449,514900,52000000,52827300,135000,314999.6,1200000,1576800,600000,26873,5700,2781,540,1.917718
2016,澳门,32045481,193246,2121624,29730611,0.603037,6.620665,92.7763,511336.9,62.67,62.67,62.67,1.835009,0.95,1.1,2.2,1.7,13.7,540000,39416.06,-0.68,877,2121624,136637.1,360000,1400000,84815,481200,50000000,49698900,130000,303332.9,1150000,1511100,580000,24660,5400,2635,530,1.881982
2015,澳门,32029128,233376,2465037,29330715,0.728637,7.696235,91.57513,520629.5,61.52,61.52,61.52,1.788036,1.05,1.15,2.3,1.6,13.5,520000,38518.52,-21.51,875,2465037,129128.2,350000,1350000,79348,448900,48000000,46712700,125000,291666.3,1100000,1445400,560000,23368,5100,2488,520,1.847447
2014,澳门,39036033,204395.4,1967337,36864301,0.523607,5.039798,94.4366,646078,60.42,60.42,60.42,1.787488,1.15,1.2,2.4,1.5,13.3,514260,38666.17,-1.2,873,1967337,122119.9,340000,1300000,74032,418000,46000000,43797600,120000,279999.6,1050000,1379700,540000,22000,4800,2342,510,1.814414
2013,澳门,36642807,154556.6,1362987,35125263,0.421793,3.719658,95.85855,617506,59.34,59.34,59.34,1.786316,1.25,1.25,2.5,1.4,13.1,500000,38167.94,10.75,871,1362987,115611.7,330000,1250000,68867,714349,44000000,41024700,115000,268333,1000000,1314000,520000,21500,4500,2196,500,1.781982
2012,澳门,30708090,149749.6,1239273,29319067,0.487655,4.035656,95.47669,526906.1,58.28,58.28,58.28,2.024708,1.3007,1.3007,1.3007,1.3,12.9,490000,37984.5,9.24,869,1239273,109603.3,320000,1200000,63847,680000,42000000,38322900,110000,256666.3,950000,1248300,500000,21000,4200,2049,490,1.75015
2011,澳门,26197506,135816.1,1089963,24971727,0.518432,4.16056,95.32101,458800.5,57.1,57.1,57.1,2.399299,1.3809,1.3809,1.3809,1.2,12.7,480000,37795.28,21.62,867,1089963,104094.7,310000,1150000,58968,648000,40000000,35763300,105000,244999.7,900000,1182600,480000,20500,3900,1903,480,1.714715
2010,澳门,20080062,131222.5,965538,18983301,0.653497,4.808441,94.53806,360309.7,55.73,55.73,55.73,2.565943,1.4666,1.4666,2.4,1.1,12.5,470000,37600,25.12,865,965538,59544.38,300000,1100000,54225,617500,38000000,33274800,100000,233333,850000,1116900,460000,20000,3600,1756,470,1.673574
2009,澳门,15349068,160798.4,1122669,14065601,1.04761,7.314249,91.63814,282671.6,54.3,54.3,54.3,2.578269,1.927,1.927,2.35,1,12.3,460000,37398.37,1.27,863,1122669,46786.01,290000,1050000,49615,588500,36000000,30928500,95000,221666.4,800000,1051200,440000,19500,3300,1610,460,1.630631
2008,澳门,14950197,245458,1764702,12940037,1.641838,11.80387,86.55429,282612.4,52.9,52.9,52.9,2.589792,1.4518,1.4518,1.4518,0.9,12.1,450000,37190.08,3.39,861,1764702,36878.76,280000,1000000,45134,561000,34000000,28653300,90000,209999.7,750000,985500,420000,19000,3000,1464,450,1.588589
2007,澳门,13110840,238805.2,1807362,11064673,1.821433,13.78525,84.39332,254431.2,51.53,51.53,51.53,2.600427,1.8168,1.8168,1.8168,0.8,11.9,440000,36974.79,14.48,859,1807362,29188.58,270000,950000,40779,534900,32000000,26449200,85000,198333.1,700000,919800,400000,18500,2970,1449,440,1.547447
2006,澳门,10575414,218437.7,1491678,8865298,2.065524,14.10515,83.82933,210707.6,50.19,50.19,50.19,2.64993,2.3007,2.3007,2.3007,0.7,11.7,430000,36752.14,13.39,857,1491678,22905.06,260000,900000,36546,510200,30000000,24387300,80000,186666.4,650000,854100,380000,18000,2835,1383,430,1.507207
2005,澳门,8645760,242708.5,948474,7454577,2.807255,10.97039,86.22235,176949.7,48.86,48.86,48.86,2.68113,2.3993,2.3993,2.3993,0.6,11.5,420000,36521.74,8.08,855,948474,18114.83,250000,850000,32434,486900,28000000,22396500,75000,174999.8,600000,788400,360000,17500,2715,1324,420,1.467267
2004,澳门,7567173,208724.7,637056,6721392,2.758292,8.418679,88.82303,159141.4,47.55,47.55,47.55,2.733964,2.5774,2.5774,2.5774,0.5,11.3,410000,36283.19,26.63,853,637056,14256.26,240000,800000,28440,465000,26000000,20476800,70000,163333.1,550000,722700,340000,17000,2670,1302,410,1.427928
2003,澳门,5862906,223082.5,560268,5079556,3.804982,9.556148,86.63887,126765.5,46.25,46.25,46.25,2.767568,2.7316,2.7316,2.7316,0.4,11.1,400000,36036.04,11.64,851,560268,11243.97,230000,750000,24561,444500,24000000,18628200,65000,151666.5,500000,657000,320000,16500,2520,1229,400,1.388889
2002,澳门,5241492,197064.1,484191,4560237,3.759695,9.237656,87.00265,116555.3,44.97,44.97,44.97,2.357127,2.6773,2.6773,2.6773,0.3,10.9,390000,35779.82,8.91,849,484191,8851.57,220000,700000,20804,425400,22000000,16921800,60000,139999.8,450000,591300,300000,16000,2490,1215,390,1.35045
2001,澳门,4877460,213913.7,479214,4184332,4.385759,9.825073,85.78917,111078.6,43.91,43.91,43.91,1.639718,2.8827,2.8827,2.8827,0.2,10.7,298170,27866.36,2.89,847,479214,7052.65,210000,650000,17176,407700,20000000,15286500,55000,128333.2,400000,525600,280000,15500,2340,1141,380,1.318619
2000,澳门,4816314,192603,551736,4071975,3.99897,11.45557,84.54546,111514.6,43.19,43.19,43.19,1.481825,2.7988,2.7988,2.6429,0.15,10.5,280000,26666.67,5.75,845,551736,5556.62,200000,600000,13684,391400,18000000,13722300,50000,116666.5,350000,459900,260000,15000,2175,1061,370,1.296997
1999,澳门,4655628,211844.5,574488,3869295,4.550289,12.33965,83.11007,109415.5,42.55,42.55,42.55,1.574618,2.6429,2.6429,2.552,0.13,10.3,270000,26213.59,-2.36,843,574488,4442.26,190000,550000,10331,376500,16000000,12229200,45000,104999.9,300000,394200,240000,14500,2160,1054,360,1.277778
1998,澳门,4833378,185837.3,597240,4050301,3.844874,12.35658,83.79855,115410.2,41.88,41.88,41.88,1.69532,2.552,2.552,2.3916,0.12,10.1,260000,25742.57,-4.57,841,597240,4334,180000,500000,8000,363000,14000000,10807200,40000,93333.2,250000,328500,220000,14000,2145,1046,350,1.257658
1997,澳门,5167548,196774.3,615726,4355048,3.807886,11.91524,84.27687,125517.3,41.17,41.17,41.17,1.797425,2.3916,2.3916,2.504,0.11,9.9,250000,25252.53,-0.28,839,615726,4275.9,170000,450000,7200,350900,12000000,9456300,35000,81666.55,200000,262800,200000,13500,2130,1039,340,1.236336
1996,澳门,5102847,179736.7,601506,4321604,3.522282,11.78766,84.69006,126214.4,40.43,40.43,40.43,1.904526,2.504,2.504,2.5332,0.1,9.7,240000,24742.27,-0.42,837,601506,4109.54,160000,400000,6480,340200,10000000,8176500,30000,69999.9,150000,197100,180000,13000,2115,1032,330,1.214114
1995,澳门,5009706,199707.4,644877,4165122,3.98641,12.87255,83.14104,126316.3,39.66,39.66,39.66,1.966717,2.5332,2.5332,2.4547,0.09,9.5,230000,24210.53,3.3,835,644877,3943.18,150000,350000,5832,330900,8000000,6967800,26000,60666.58,100000,131400,160000,12500,2100,1024,320,1.190991
1994,澳门,4487121,173158.8,632079,3681883,3.859018,14.08652,82.05447,115409.5,38.88,38.88,38.88,2.083333,2.4547,2.4547,2.8497,0.08,9.3,220000,23655.91,4.25,833,632079,3776.82,140000,300000,5250,323000,6000000,5830200,22000,51333.26,80000,105120,140000,12000,2085,1017,310,1.167568
1993,澳门,4028526,185534.9,614304,3228687,4.605529,15.24885,80.14562,105818.9,38.07,38.07,38.07,2.180194,2.8497,2.8497,2.3456,0.07,9.1,210000,23076.92,5.19,831,614304,3610.46,130000,250000,4732,316500,5000000,4763700,18000,41999.94,60000,78840,120000,11500,2070,1010,300,1.143243
1992,澳门,3493854,165207.4,605061,2723586,4.728515,17.31787,77.95362,93819.92,37.24,37.24,37.24,2.685285,3.1346,3.1346,1.5098,0.06,8.9,200000,22471.91,13.3,829,605061,3444.1,120000,200000,4275,311400,4000000,3839400,15000,34999.95,40000,52560,100000,11000,2055,1002,290,1.118318
1991,澳门,2676915,179855.4,499833,1997227,6.718755,18.67198,74.60927,73866.31,36.24,36.24,36.24,3.366446,3.4734,3.4734,1.2247,0.05,8.7,190000,21839.08,3.66,827,499833,3277.74,110000,150000,3873,307700,3000000,2986200,12000,27999.96,30000,39420,80000,10500,2040,995,280,1.088288
1990,澳门,2307906,163504.9,523776,1620625,7.084555,22.69486,70.22059,65902.51,35.02,35.02,35.02,3.6,3.5971,3.5971,1.1828,0.04,8.5,180000,21176.47,7.98,825,523776,3111.38,100000,100000,3529,305400,2000000,2275200,10000,23333.3,20000,26280,60000,10000,2025,988,270,1.051652
