年份,地区,地区生产总值(万元),第一产业增加值(万元),第二产业增加值(万元),第三产业增加值(万元),第一产业增加值占GDP比重(%),第二产业增加值占GDP比重(%),第三产业增加值占GDP比重(%),人均地区生产总值(元),户籍人口(万人),非农业人口数(万人),年平均人口(万人),自然增长率(‰),第一产业从业人员数(万人),第二产业从业人员数(万人),第三产业从业人员数(万人),教育业从业人员数(万人),在岗职工平均人数(万人),在岗职工工资总额(万元),职工平均工资(元),地区生产总值增长率(%),规模以上工业企业数(个),规模以上工业总产值(当年价，万元),产品销售收入(万元),利税总额(万元),流动资产合计(万元),固定资产投资总额(万元),当年实际使用外资金额(万美元),地方财政一般预算内收入(万元),地方财政一般预算内支出(万元),科学支出(万元),教育支出(万元),年末金融机构各项贷款余额(万元),年末金融机构存款余额(万元),城乡居民储蓄年末余额(万元),普通高等学校在校学生数(人),专利授权数(件),发明专利授权数(件),货运总量(万吨),人口密度(人／平方公里)
2022,上海,446530000.0,982366.0,114579598.0,330968036.0,0.22,25.66,74.12,179900.0,1504.0,1216.56,1466.0,-2.3,7.63,179.457,528.971,40.052,636.0,138344329.0,196053.0,-0.2,9432.0,311360286.0,260582330.0,10034753.0,335766700.0,67516768.0,1904791.0,76081900.0,93931600.0,3862500.0,11225700.0,964925800.0,1806276500.0,317277300.0,514683.0,178300.0,36800.0,90128.0,2276.0
2021,上海,432150000.0,993945.0,114476535.0,316679520.0,0.23,26.49,73.28,173600.0,1493.0,1216.56,1466.0,-2.3,7.63,179.457,528.971,40.052,634.0,124221448.0,196053.0,8.1,9309.0,311360286.0,260582330.0,10034753.0,316837627.0,67516768.0,1904791.0,77718002.0,84308562.0,4227023.0,10394696.0,882601300.0,1638195000.0,317277300.0,514683.0,179317.0,32860.0,90128.0,2276.0
2020,上海,387010000.0,1044927.0,102905959.0,283097815.0,0.27,26.59,73.15,155800.0,1479.9583333333333,1216.56,1466.0,-2.3,7.63,179.457,528.971,40.052,606.0,105923423.0,174678.0,1.7,8804.0,311360286.0,260582330.0,10034753.0,290652304.0,67516768.0,1904791.0,70462987.0,81021120.0,4061978.0,10005937.0,779910285.0,1453276519.0,317277300.0,514683.0,139780.0,24208.0,90128.0,2276.0
2019,上海,381560000.0,1030212.0,102983044.0,277508588.0,0.27,26.99,72.73,157279.0,1469.0,1216.56,1466.0,-2.3,7.63,179.457,528.971,40.052,596.0,95558639.0,160256.0,6.0,8776.0,311360286.0,260582330.0,10034753.0,262921233.0,67516768.0,1904791.0,71650984.0,81792842.0,3895424.0,9956956.0,738236600.0,1233300600.0,317277300.0,514683.0,100587.0,22735.0,90128.0,2276.0
2018,上海,326798700.0,1045755.84,97320652.86,228432291.3,0.32,29.78,69.9,134982.0,1462.0,1216.56,1459.0,-1.87,3.1,196.259,441.308,31.876,592.0,84707990.0,142983.0,6.6,8145.0,311360286.0,260582330.0,10034753.0,255868131.0,67516768.0,1730009.0,71081480.0,83515363.0,4263655.0,9179869.0,675679400.0,1126162300.0,270717400.0,514683.0,92460.0,21331.0,90128.0,2276.0
2017,上海,306329900.0,1102787.64,93308087.54,211919024.8,0.36,30.46,69.18,126634.0,1455.0,1216.56,1453.0,-2.8,2.765,207.535,422.009,30.801,592.0,77425598.0,130765.0,6.9,8122.0,311360286.0,260582330.0,10034753.0,249555896.0,67516768.0,1700823.0,66422638.0,75476205.0,3898971.0,8741040.0,611888700.0,1050988000.0,243384800.0,514683.0,72806.0,20681.0,90128.0,2276.0
2016,上海,281786500.0,1098967.35,84056912.95,196630619.7,0.39,29.83,69.78,116562.0,1450.0,1216.56,1446.0,0.49,2.48,218.4,406.897,29.684,592.0,71314653.0,120503.0,6.9,8351.0,311360286.0,260582330.0,10034753.0,234148176.0,67516768.0,1851378.0,64061300.0,69189405.0,3417109.0,8409686.0,539850966.0,1031639421.0,236398015.0,514683.0,72806.0,20681.0,90128.0,2276.0
2015,上海,251234500.0,1105431.8,79917694.45,170236497.2,0.44,31.81,67.76,103796.0,1442.97,1216.56,1440.8,-1.27,5.845,245.713,471.325,34.112,682.0,68853038.0,100966.0,6.9,8994.0,313226240.0,260582330.0,10034753.0,213744406.0,63493886.0,1845923.0,55194964.0,61915601.0,2718505.0,7673169.0,533872070.0,1037605977.0,233847295.0,511623.0,72806.0,20681.0,90128.0,2276.0
2014,上海,235677000.0,1249088.1,81685648.2,152765831.4,0.53,34.66,64.82,97370.0,1438.7,1216.56,1435.5,0.3,5.56,257.27,467.63,34.88,671.0,61884219.0,92189.76,7.0,9253.0,322371864.0,260582330.0,10034753.0,205398154.0,60129660.0,1816593.0,45855536.0,49234377.0,2622913.0,6955284.0,479158100.0,738824500.0,219955400.0,506644.0,72806.0,20681.0,90128.0,2269.0
2013,上海,216021200.0,1296127.2,80273477.92,134451594.9,0.6,37.16,62.24,90092.0,1432.3,1216.56,1429.6,-0.6,1.34,254.21,363.41,29.5,585.0,53500158.0,91475.15,7.04,9782.0,320888779.0,260582330.0,10034753.0,196981952.0,56441312.0,1677958.0,41095087.0,45286106.0,2576603.0,6795414.0,443578800.0,692563200.0,211856900.0,504771.0,72806.0,20681.0,91352.0,2259.0
2012,上海,201817200.0,1271448.36,78547254.24,121998497.4,0.63,38.92,60.45,85373.0,1426.9,1216.56,1423.2,0.3,1.23,273.47,281.03,27.99,515.0,41268634.0,80190.88,7.5,9772.0,318968777.0,260582330.0,10034753.0,181445502.0,52513998.0,1518453.0,37437053.0,41840170.0,2454279.0,6489517.0,364859000.0,598927500.0,195067000.0,506596.0,72806.0,20681.0,94190.0,2251.0
2011,上海,191956900.0,1247719.85,79278199.7,111430980.5,0.65,41.3,58.05,82560.0,1419.4,1216.56,1415.8,-0.7,1.4,229.74,266.18,27.73,449.0,34601678.0,77031.27,8.2,9962.0,324451453.0,260582330.0,10034753.0,172653520.0,50642624.0,1260055.0,34298318.0,39148820.0,2184975.0,5492393.0,371967900.0,581864800.0,179582200.0,511283.0,72806.0,20681.0,93135.0,2239.0
2010,上海,171659800.0,1132954.68,72182945.9,98326733.44,0.66,42.05,57.28,76074.0,1412.32,1216.56,1406.5,-0.6,1.54,158.16,233.17,26.14,321.0,23100023.0,71875.36,10.34,16684.0,301144067.0,260582330.0,10034753.0,157282514.0,53176663.0,1112143.0,28735840.0,33028860.0,2020326.0,4172775.0,341541700.0,521900400.0,162492900.0,515661.0,72806.0,20681.0,80835.0,2228.0
2009,上海,150464500.0,1143530.2,60020289.05,89315727.2,0.76,39.89,59.36,78989.0,1400.7,1216.56,1395.9,-1.02,1.33,157.37,226.71,26.75,318.0,20237137.0,63548.87,8.24,17906.0,240912649.0,260582330.0,10034753.0,131383721.0,52733299.0,1053835.0,25402974.0,29896500.0,2153111.0,3469520.0,296841000.0,446202700.0,143576500.0,512809.0,72806.0,20681.0,76821.0,2209.0
2008,上海,136981500.0,1123248.3,62353978.8,73504272.9,0.82,45.52,53.66,73124.0,1391.04,1216.56,1386.9625,-0.74,1.21,159.71,216.3,27.1,309.0,17455391.0,56564.99,9.7,18792.0,251211939.0,260582330.0,10034753.0,131383721.0,48294557.0,1008427.0,23587465.0,25939162.0,1202741.0,3260627.0,241661200.0,355890700.0,120836600.0,502899.0,72806.0,20681.0,84347.0,2194.0
2007,上海,121888500.0,1023863.4,56787852.15,64088973.3,0.84,46.59,52.58,66367.0,1378.86,1196.94,1378.025,-0.11,1.34,160.22,205.7,26.23,291.0,14372216.0,49311.11,14.3,15099.0,222599421.0,231123495.0,10034753.0,131383721.0,44586098.0,791954.0,20744792.0,21816780.0,1057666.0,2833335.0,217099500.0,303155300.0,93264500.0,484873.0,72806.0,20681.0,78108.0,2175.0
2006,上海,103663700.0,932973.3,50287260.87,52443465.83,0.9,48.51,50.59,57695.0,1368.08,1173.3,1369.0875,-1.23,1.3,135.96,195.26,25.77,265.0,10924039.0,41188.59,12.0,14404.0,185731331.0,192669291.0,10034753.0,131383721.0,39250884.0,710689.0,15760724.0,17955660.0,202682.0,2054600.0,186039200.0,264548800.0,94802800.0,466333.0,72806.0,20681.0,75184.0,2158.0
2005,上海,91541800.0,805567.84,44525931.52,46210300.64,0.88,48.64,50.48,51474.0,1360.26,1148.94,1360.15,-1.46,1.83,169.64,266.36,25.65,345.0,11028270.0,31940.08,11.1,14769.0,157675146.0,163537305.0,10034753.0,131383721.0,35425531.0,684965.0,14173976.0,16463372.0,159199.0,1829415.0,167981200.0,233208600.0,84324900.0,442620.0,72806.0,20681.0,71303.0,2079.0
2004,上海,74502700.0,968535.1,37884622.95,35656992.22,1.3,50.85,47.86,55307.0,1352.39,1097.6,1351.2125,-1.16,1.7,138.86,190.59,25.28,268.0,8006661.0,29874.49,13.64,12316.0,128758655.0,13863247.0,10034753.0,131383721.0,30846560.0,654073.0,11197200.0,13956900.0,135100.0,1553500.0,149720100.0,199940500.0,69609900.0,415701.0,72806.0,20681.0,68710.0,2133.0
2003,上海,62508100.0,931370.69,31310307.29,30272672.83,1.49,50.09,48.43,46718.0,1341.77,1041.39,1342.275,-3.26,1.67,146.81,193.63,25.01,282.0,7686511.0,27304.58,11.8,10956.0,103428195.0,109826171.0,13291274.0,131383721.0,24521126.0,585022.0,8992850.0,11026424.0,113439.0,1313724.0,131680500.0,173183800.0,60546000.0,378517.0,72806.0,20681.0,63861.0,2116.0
2002,上海,54087600.0,881627.88,25648339.92,27557632.2,1.63,47.42,50.95,40646.0,1334.23,1018.81,1333.3375,-2.6,2.56,150.96,197.42,25.01,293.0,7011418.0,23959.19,10.9,9982.0,77405618.0,79766064.0,9802166.0,131383721.0,21870614.0,502951.0,8335906.4,10053040.2,113439.0,1201085.4,131680500.0,173183800.0,60546000.0,331649.0,72806.0,20681.0,56346.0,2104.0
2001,上海,49508400.0,856495.32,23556096.72,25095807.96,1.73,47.58,50.69,37382.0,1327.14,999.07,1324.4,-2.69,87.19,309.93,355.14,25.01,298.0,6491882.0,21781.18,10.85752798053528,9701.0,70035721.0,72130213.0,8294322.0,131383721.0,19947306.0,439159.0,7678962.8,9079656.4,113439.0,1088446.8,131680500.0,173183800.0,60546000.0,279966.0,72806.0,20681.0,49499.0,2093.0
2000,上海,45511500.0,819207.0,21617962.5,23028819.0,1.8,47.5,50.6,34311.1,1321.63,986.16,1320.49,-1.9,88.68,312.26,344.3,25.01,317.0,5876557.0,18531.0,10.8,8460.0,62045227.0,64296788.0,7338112.0,131383721.0,18696749.0,316029.0,7022019.2,8106272.6,113439.0,975808.2,131680500.0,173183800.0,60546000.0,226798.0,72806.0,20681.0,47954.0,2084.0
1999,上海,40349600.0,806992.0,19529206.4,20013401.6,2.0,48.4,49.6,31240.2,1313.12,969.63,1316.5800000000002,-2.27,92.45,325.06,316.25,25.01,337.0,5605445.0,16641.0,10.19,9205.0,54529098.0,54723378.0,5706253.0,131383721.0,18567130.0,304772.0,6365075.6,7132888.8,113439.0,863169.6,131680500.0,173183800.0,60546000.0,186307.0,72806.0,20681.0,44485.0,2071.0
1998,上海,36882000.0,774522.0,18477882.0,17629596.0,2.1,50.1,47.8,28169.3,1306.58,953.65,1312.67,7.72,103.46,345.89,322.73,25.01,362.0,4909915.0,13581.0,10.1,9205.0,54529098.0,53981369.0,4810102.0,131383721.0,19648298.0,363786.0,5708132.0,6159505.0,113439.0,750531.0,131680500.0,173183800.0,60546000.0,165123.0,72806.0,20681.0,42096.0,2061.0
1997,上海,33602100.0,759407.46,17543656.41,15299036.13,2.26,52.21,45.53,25098.4,1305.46,943.03,1308.76,-2.41,82.77,384.67,383.88,25.01,446.0,5100996.0,11425.0,12.65,9205.0,54529098.0,53844890.0,5131739.0,131383721.0,19775919.0,480816.0,5051188.4,5186121.199999999,113439.0,637892.3999999999,131680500.0,173183800.0,60546000.0,153804.0,72806.0,20681.0,40641.0,2059.0
1996,上海,29022000.0,725550.0,15816990.0,12479460.0,2.5,54.5,43.0,22027.5,1304.43,932.14,1304.85,-2.415264531723409,79.29,410.74,302.9,25.01,446.0,4927045.0,10663.0,13.0,9205.0,54529098.0,48561618.0,4968802.0,131383721.0,11148597.0,751000.0,4394244.8,4212737.399999999,113439.0,525253.7999999999,131680500.0,173183800.0,60546000.0,147926.0,72806.0,20681.0,40213.0,2057.0
1995,上海,24625700.0,615642.5,14110526.1,9899531.4,2.5,57.3,40.2,18956.6,1301.37,921.7,1300.94,-2.06,78.62,432.04,283.53,25.01,446.0,4407495.0,9279.0,14.1,9205.0,54529098.0,45752587.0,5173708.0,131383721.0,9822026.0,324996.0,3737301.2,3239353.5999999996,113439.0,412615.19999999995,131680500.0,173183800.0,60546000.0,144082.0,72806.0,20681.0,22531.0,2052.0
1994,上海,19720000.0,490000.0,11430000.0,7800000.0,2.485,57.961,39.554,15885.7,1298.81,910.49,1297.03,-1.4,76.24,440.16,269.6,25.01,446.0,3578871.0,7401.09,14.1,9205.0,54529098.0,32345786.0,4417493.0,131383721.0,8530288.0,324727.0,3080357.6000000006,2265969.799999999,113439.0,299976.6,131680500.0,173183800.0,60546000.0,140396.0,72806.0,20681.0,23775.0,2045.0
1993,上海,15382183.343015915,407614.6738315543,9177204.125417931,5909826.312637493,2.8315117505287493,59.96273494030048,37.146978952235465,12814.8,1294.74,893.46,1293.12,-0.613730440967283,80.48775542778962,447.1253551041329,255.0493891190999,25.01,446.0,2882143.1192175187,7401.09,14.1,9205.0,54529098.0,27437816.0,3752490.0,131383721.0,5195950.0,219431.03554799437,2423414.0,1292586.0,113439.0,187338.0,131680500.0,173183800.0,60546000.0,131034.0,72806.0,20681.0,25708.0,2042.0
1992,上海,11707834.710471747,361428.86541483394,7193069.066350675,4217057.503543527,3.355367945501943,62.37208801482942,34.20217220447492,9743.899999999998,1289.37,875.55,1289.21,0.2,84.93752202876362,453.5765806357669,240.27733408847982,25.01,446.0,2261021.583269135,7401.09,14.1,9205.0,54529098.0,22529846.0,3087487.0,131383721.0,2717039.0,100712.50962817273,1855578.0,949916.0,113439.0,140947.0,131680500.0,173183800.0,60546000.0,123979.5,72806.0,20681.0,25415.0,2033.0
1991,上海,8577100.0,333700.0,5513400.0,2730100.0,3.891,64.28,31.83,6673.0,1287.2,869.88,1285.3,1.18,89.44,459.0,225.89,25.01,446.0,1728452.0,7401.09,14.1,9205.0,54529098.0,17621876.0,2422484.0,131383721.0,2129244.0,16420.0,1650861.0,808477.0,113439.0,140947.0,131680500.0,173183800.0,60546000.0,116925.0,72806.0,20681.0,23693.0,2030.0
1990,上海,7446700.0,326000.0,4826800.0,2293900.0,4.378,64.818,30.804,5818.0,1283.35,864.46,1279.9,3.5,93.92,455.77,217.19,25.01,446.0,1467835.0,7401.09,14.1,9205.0,54529098.0,14473919.0,2020211.0,131383721.0,1885930.0,17719.0,1627360.0,722264.0,113439.0,140947.0,131680500.0,173183800.0,60546000.0,121251.0,72806.0,20681.0,22842.0,2024.0
2022,杭州,187530000.0,3450552.0,56202741.0,127876707.0,1.84,29.97,68.19,152588.0,847.0,340.76,785.0,6.87,0.108,128.679,157.758,21.026,286.0,44939432.0,151121.0,1.5,6802.0,124209588.0,89764565.0,2208324.0,175414983.0,58424194.0,612818.0,24506119.0,25420894.0,2077342.0,5000916.0,618029597.0,673452346.0,116773374.0,427978.0,121196.0,30100.0,29335.0,436.0
2021,杭州,181090000.0,3332056.0,54888379.0,122869565.0,1.84,30.31,67.85,149857.0,835.0,340.76,785.0,6.87,0.108,128.679,157.758,21.026,273.0,41227622.0,151121.0,8.49,6528.0,124209588.0,89764565.0,2208324.0,142193252.0,58424194.0,612818.0,23865936.0,23920396.0,1796737.0,4662642.0,556614800.0,584092500.0,116773374.0,427978.0,122520.0,22948.0,29335.0,436.0
2020,杭州,161060000.0,3253412.0,48205258.0,109585224.0,2.02,29.93,68.04,136617.0,815.4444444444445,340.76,785.0,6.87,0.108,128.679,157.758,21.026,269.0,35531648.0,132188.0,3.9,5992.0,124209588.0,89764565.0,2208324.0,123842635.0,58424194.0,612818.0,20933893.0,20696554.0,1443254.0,4033432.0,491846035.0,518930345.0,116773374.0,427978.0,92399.0,17327.0,29335.0,436.0
2019,杭州,153730000.0,3259076.0,48747783.0,101723141.0,2.12,31.71,66.17,152465.0,795.0,340.76,785.0,6.87,0.108,128.679,157.758,21.026,266.0,32021037.0,120308.0,6.75,5698.0,124209588.0,89764565.0,2208324.0,109714647.0,58424194.0,612818.0,19659731.0,19528530.0,1481879.0,3635648.0,412374333.0,436441695.0,116773374.0,427978.0,61568.0,11748.0,29335.0,436.0
2018,杭州,135091508.0,3053068.081,45714966.31,86323473.61,2.26,33.84,63.9,140180.0,774.0,340.76,764.0,6.23,0.068,132.743,146.376,18.959,260.0,27755171.0,106709.0,6.72,5431.0,124209588.0,89764565.0,2208324.0,98854167.0,58424194.0,682658.0,18250616.0,17170834.0,1182090.0,3154350.0,358775598.0,388100493.0,99812364.0,427978.0,55379.0,10267.0,29335.0,436.0
2017,杭州,126033600.0,3062407.5702018123,43440995.72495001,77600193.6138253,2.4707758620689653,35.093720784313724,62.45143764002987,135113.0,754.0,340.76,745.0,6.12,0.108,138.588,148.326,18.687,264.0,25542936.0,96670.0,8.16,5533.0,124209588.0,89764565.0,2208324.0,90095810.0,58424194.0,661001.0,15674169.0,15409156.0,923236.0,2792968.0,285736300.0,353219400.0,85029600.0,427978.0,42227.0,9872.0,29335.0,436.0
2016,杭州,113137223.0,3043391.299,41204576.62,68889255.09,2.69,36.42,60.89,124286.0,736.0,340.76,730.0,7.51,0.092,146.666,143.376,18.138,266.0,23184590.0,87153.0,9.6,5684.0,124209588.0,89764565.0,2208324.0,85029167.0,58424194.0,720915.0,14023826.0,14043065.0,749190.0,2530114.0,254648309.0,325146405.0,83131325.0,427978.0,42227.0,9872.0,29335.0,436.0
2015,杭州,100502079.0,2884409.667,39085258.52,58532410.81,2.87,38.89,58.24,112230.0,723.55,340.76,719.7,4.23,0.1,150.753,137.707,17.831,265.0,20601998.0,77816.0,10.15,6073.0,124156802.0,89764565.0,2208324.0,83067772.0,55563183.0,711253.0,12338820.0,12054777.0,701490.0,2234425.0,223952892.0,290030714.0,75070901.0,475558.0,42227.0,9872.0,29335.0,436.0
2014,杭州,92061633.0,2743436.663,38454144.1,50864052.23,2.98,41.77,55.25,103813.0,715.8,340.76,711.2,6.9,0.112,159.786,133.544,17.483,268.0,19003346.0,70823.44,8.16,6169.0,128530518.0,89764565.0,2208324.0,79385120.0,49527010.0,633460.0,10273169.0,9611771.0,524082.0,1826924.0,203561710.0,239500462.0,66945512.0,474700.0,42227.0,9872.0,29335.0,431.0
2013,杭州,83435193.0,2653239.137,36619706.21,44162247.66,3.18,43.89,52.93,118013.0,706.6,340.76,703.6,4.7,0.17,153.39,129.0,16.91,259.0,16824084.0,65053.3,6.94,6284.0,124079833.0,89764565.0,2208324.0,76160953.0,42638732.0,527633.0,9452020.0,8557370.0,462600.0,1624445.0,183995295.0,217490498.0,63397531.0,471820.0,42227.0,9872.0,30734.0,426.0
2012,杭州,78020058.0,2551255.897,35725384.56,39743417.55,3.27,45.79,50.94,88962.0,700.5,340.76,698.1,3.9,0.13,155.01,126.76,16.14,263.0,14839012.0,56417.81,9.0,5927.0,129622800.0,89764565.0,2208324.0,72147188.0,37227544.0,496061.0,8599875.0,7862800.0,401878.0,1469766.0,172158288.0,195998475.0,60220823.0,459181.0,42227.0,9872.0,30088.0,423.0
2011,杭州,70190579.0,2365422.512,33235239.16,34582898.27,3.37,47.35,49.27,80478.0,695.7,340.76,692.4,4.6,0.16,144.91,119.23,15.27,206.0,11222834.0,54408.46,10.1,5868.0,123529249.0,89764565.0,2208324.0,67097621.0,31000218.0,472230.0,7851524.0,7475108.0,349228.0,1320537.0,164216553.0,182443469.0,55191683.0,446721.0,42227.0,9872.0,28831.0,419.0
2010,杭州,59491687.0,2082209.045,28442975.56,28966502.4,3.5,47.81,48.69,69828.0,689.12,340.76,686.2,3.4,0.15,125.86,106.7,14.41,191.0,9330552.0,48771.9,12.0,10370.0,110796496.0,89764565.0,2208324.0,60116766.0,27531348.0,435627.0,6713413.0,6165836.0,288559.0,1058828.0,150787269.0,170843548.0,49909744.0,434811.0,42227.0,9872.0,25915.0,415.0
2009,杭州,50875530.0,1902744.822,23870798.68,25096898.95,3.74,46.92,49.33,63333.0,683.38,340.76,680.5,3.41,0.17,112.82,91.37,12.78,172.0,7549145.0,43946.59,10.0,10032.0,93907333.0,89764565.0,2208324.0,49682100.0,22916543.0,401370.0,5207899.0,4903983.0,220721.0,862769.0,131133023.0,142842104.0,42869189.0,394087.0,42227.0,9872.0,22372.0,412.0
2008,杭州,47811649.0,1788155.673,23891481.01,22132012.32,3.74,49.97,46.29,70832.0,677.64,340.76,673.6125,2.76,0.17,99.88,82.36,12.1,160.0,6416424.0,40193.08,11.0,9907.0,93795792.0,89764565.0,2208324.0,49682100.0,19805018.0,331154.0,4553531.0,4196674.0,185485.0,742531.0,97843100.0,111462400.0,34206500.0,379857.0,42227.0,9872.0,22550.0,408.0
2007,杭州,41001722.0,1635968.708,20570563.93,18799289.54,3.99,50.17,45.85,52590.0,672.35,323.75,666.725,3.34,0.18,81.92,70.72,11.68,136.0,4954813.0,36496.85,14.6,8674.0,83514029.0,80570308.0,2208324.0,49682100.0,16841298.0,280181.0,3916195.0,3357153.0,121559.0,627460.0,81423200.0,91544600.0,25787800.0,366160.0,42227.0,9872.0,22569.0,405.0
2006,杭州,34415068.0,1548678.06,17345194.27,15521195.67,4.5,50.4,45.1,51878.0,666.31,309.78,659.8375,2.84,0.16,64.11,65.05,11.01,116.0,3811736.0,32791.95,14.3,7826.0,69754591.0,68076430.0,2208324.0,49682100.0,14607422.0,225536.0,3013888.0,2754809.0,12028.0,422128.0,64960300.0,76830200.0,24736900.0,349976.0,42227.0,9872.0,20925.0,401.0
2005,杭州,29426519.0,1483096.558,14969270.22,12974152.23,5.04,50.87,44.09,44853.0,660.45,297.54,652.95,3.3,0.21,45.95,55.61,10.43,98.0,3010148.0,30578.5,13.0,7359.0,54411271.0,52827979.0,2208324.0,49682100.0,13866833.0,171274.0,2504565.0,2383344.0,9508.0,363360.0,55453000.0,67487200.0,21916600.0,328524.0,42227.0,9872.0,19909.0,398.0
2004,杭州,25150000.0,1390795.0,13329500.0,10429705.0,5.53,53.0,41.47,38858.0,651.68,282.58,646.0625,4.0,0.28,30.24,50.42,9.98,76.0,2187934.0,28891.25,15.0,5607.0,41491039.0,40751984.0,2208324.0,49682100.0,12051792.0,140982.0,1974523.0,1956282.0,8174.0,307762.0,48000400.0,57072000.0,18351700.0,292946.0,42227.0,9872.0,18895.0,393.0
2003,杭州,20997744.0,1266163.963,10893629.59,8837950.45,6.03,51.88,42.09,32819.0,642.78,263.67,639.175,2.31,0.35,29.56,50.47,10.04,76.0,1867776.0,24666.88,15.2,4689.0,32025226.0,31174590.0,3595358.0,49682100.0,10067440.0,100850.0,1503888.0,1635948.0,6677.0,245468.0,36869000.0,44395300.0,14664200.0,269798.0,42227.0,9872.0,16815.0,387.0
2002,杭州,17818302.0,1145716.819,9017842.642,7652960.709,6.43,50.61,42.95,28150.0,636.81,252.02,632.2875,2.7,0.73,28.79,50.53,10.04,75.0,1614676.0,21417.64,13.0,4015.0,24002972.0,22882065.0,2749833.0,49682100.0,5623366.0,52186.0,1183200.0,1410200.0,6677.0,223923.6,36869000.0,44395300.0,11834000.0,208338.0,42227.0,9872.0,14347.0,384.0
2001,杭州,15680138.0,1114857.812,7935717.842,6629562.346,7.11,50.61,42.28,25074.0,629.14,237.77,625.4,2.9,0.88,33.32,49.29,10.04,81.0,1481660.0,18319.24,12.5,3580.0,19195133.0,18282784.0,2085375.0,49682100.0,4617873.0,50324.0,1042800.0,1049300.0,6677.0,202379.2,36869000.0,44395300.0,9418400.0,162219.0,42227.0,9872.0,15841.0,379.0
2000,杭州,13825616.0,1036921.2,7092541.008,5696153.792,7.5,51.3,41.2,22928.2,621.58,226.99,620.54,3.57,0.8,37.83,49.76,10.04,89.0,1267524.0,14313.0,12.0,2715.0,15435682.0,14654929.0,1616130.0,49682100.0,3766473.0,43093.0,691900.0,734300.0,6677.0,180834.8,36869000.0,44395300.0,7885600.0,112777.0,42227.0,9872.0,11459.0,375.0
1999,杭州,12252795.0,980223.6,6310189.425,4974634.77,8.0,51.5,40.6,20782.4,616.05,219.05,615.68,3.62,1.18,43.34,53.54,10.04,97.0,1180947.0,12187.0,10.18,2474.0,12000796.0,11328007.0,1278946.0,49682100.0,2385168.0,42025.0,449600.0,563500.0,6677.0,159290.4,36869000.0,44395300.0,7885600.0,89109.0,42227.0,9872.0,11684.0,371.0
1998,杭州,11348899.0,964656.415,5878729.682,4505512.903,8.5,51.8,39.7,18636.6,611.64,210.52,610.8199999999999,6.25,1.38,48.55,56.54,10.04,105.0,1112717.0,10555.0,12.1,2474.0,12000796.0,10360891.0,1013635.0,49682100.0,3636607.0,38425.0,373058.70162815205,494195.7136132313,6677.0,137746.0,36869000.0,44395300.0,7885600.0,76546.0,42227.0,9872.0,11331.0,369.0
1997,杭州,10363299.0,914042.972,5414823.728,4034432.301,8.82,52.25,38.93,16490.8,607.96,204.39,605.9599999999999,3.92,133.08,156.59,130.14,10.04,117.0,1073862.0,9178.0,15.41,2474.0,12000796.0,8509236.0,847643.0,49682100.0,3033904.0,41187.0,364216.72008242854,427340.6870382603,6677.0,116201.59999999999,36869000.0,44395300.0,7885600.0,64124.0,42227.0,9872.0,1674.0,366.0
1996,杭州,9066133.0,843150.369,4777852.091,3454196.673,9.3,52.7,38.1,14345.0,603.22,196.68,601.0999999999999,4.71,134.08,156.36,129.88,10.04,117.0,973592.0,7966.0,10.9,2474.0,12000796.0,8075197.0,692163.0,49682100.0,1245584.0,53651.0,392529.25725479063,362972.6613322694,6677.0,94657.19999999998,36869000.0,44395300.0,7885600.0,66023.0,42227.0,9872.0,1551.0,363.0
1995,杭州,7620055.0,693425.005,4099589.59,2827040.405,9.1,53.8,37.1,12199.199999999999,597.96,191.43,596.24,4.43,138.6,158.46,125.5,10.04,117.0,890488.0,7156.0,2.4,2474.0,12000796.0,7728451.0,650483.0,49682100.0,1038295.0,42659.0,427451.51503719913,301129.37755244074,6677.0,73112.79999999999,36869000.0,44395300.0,7885600.0,58570.0,42227.0,9872.0,8556.0,360.0
1994,杭州,5855239.0,575131.0,3143430.0,2136678.0,9.823,53.686,36.492,10053.399999999998,592.93,186.5,591.38,4.8,143.21,156.69,121.31,10.04,117.0,772236.0,6117.69,2.4,2474.0,12000796.0,6159228.0,635044.0,49682100.0,790201.0,41098.0,438438.6953216153,241848.57675595686,6677.0,51568.399999999994,36869000.0,44395300.0,7885600.0,59109.0,42227.0,9872.0,8962.0,356.0
1993,杭州,3947700.0,478959.6580571423,2350633.283200641,1532464.7270805154,11.732149964845739,53.87389107425061,34.635856032825245,7907.5999999999985,587.1,179.11,586.52,4.8,148.81016374030293,150.00143308380783,113.70639695556187,10.04,117.0,625332.2703510042,6117.69,2.4,2474.0,12000796.0,5117004.333333333,531779.3333333334,49682100.0,585281.0,29631.29058791211,394946.0,185168.0,6677.0,30024.0,36869000.0,44395300.0,7885600.0,47746.0,42227.0,9872.0,9082.0,354.0
1992,杭州,2678500.0,398955.7019943851,1680244.845292567,1034520.7276250296,14.026882184774658,54.11058233234588,31.974933242940637,5761.799999999999,582.4,174.03,581.66,4.6,155.2928568976542,140.88408806399886,101.53092976874268,10.04,117.0,460736.84508267045,6117.69,2.4,2474.0,12000796.0,4074780.666666667,428514.6666666666,49682100.0,339906.0,13960.238640727983,286394.0,132841.0,6677.0,23527.0,36869000.0,44395300.0,7885600.0,43659.0,42227.0,9872.0,1948.0,351.0
1991,杭州,2085600.0,334000.0,1131100.0,620500.0,16.015,54.234,29.752,3616.0,578.73,171.25,576.8,5.65,161.1,133.8,87.39,10.04,117.0,313906.0,6117.69,2.4,2474.0,12000796.0,3032557.0,325250.0,49682100.0,230821.0,2129.0,267597.0,123134.0,6677.0,23527.0,36869000.0,44395300.0,7885600.0,39572.0,42227.0,9872.0,1814.0,349.0
1990,杭州,1780300.0,309400.0,961700.0,509200.0,17.379,54.019,28.602,3108.0,574.78,169.0,572.9,7.3,163.03,132.53,71.05,10.04,117.0,277910.0,6117.69,2.4,2474.0,12000796.0,2448765.0,318011.0,49682100.0,208680.0,751.0,252503.0,118167.0,6677.0,23527.0,36869000.0,44395300.0,7885600.0,42458.0,42227.0,9872.0,1767.0,346.0
2022,宁波,157040000.0,3816072.0,74138584.0,79085344.0,2.43,47.21,50.36,163911.0,621.0,198.49,606.0,2.13,0.064,83.932,74.15,11.994,155.0,20843908.0,127011.0,3.5,10342.0,145002400.0,82622328.0,2419135.0,154747887.0,49613931.0,236341.0,16802309.0,21878133.0,1509955.0,2987893.0,323772756.0,302037454.0,74754684.0,155144.0,76127.0,9611.0,40406.0,598.0
2021,宁波,145950000.0,3561180.0,69968430.0,72420390.0,2.44,47.94,49.62,153922.0,618.0,198.49,606.0,2.13,0.064,83.932,74.15,11.994,156.0,19787384.0,127011.0,8.2,9831.0,145002400.0,82622328.0,2419135.0,141286469.0,49613931.0,236341.0,17231388.0,19444158.0,1312319.0,2844358.0,285131589.0,261876551.0,74754684.0,155144.0,72390.0,7819.0,40406.0,598.0
2020,宁波,124090000.0,3387657.0,56944901.0,63757442.0,2.73,45.89,51.38,132614.0,613.0,198.49,606.0,2.13,0.064,83.932,74.15,11.994,161.0,17966870.0,111286.0,3.3,8571.0,145002400.0,82622328.0,2419135.0,121549914.0,49613931.0,236341.0,15108432.0,17420878.0,1125943.0,2695754.0,250519770.0,231666786.0,74754684.0,155144.0,60520.0,5331.0,40406.0,598.0
2019,宁波,119850000.0,3223965.0,57827625.0,58798410.0,2.69,48.25,49.06,143157.0,608.0,198.49,606.0,2.13,0.064,83.932,74.15,11.994,134.0,14895493.0,110878.0,6.8,8242.0,145002400.0,82622328.0,2419135.0,103647357.0,49613931.0,236341.0,14685072.0,17678895.0,1241564.0,2514461.0,217742284.0,202908596.0,74754684.0,155144.0,47220.0,5075.0,40406.0,598.0
2018,宁波,107454632.0,3062457.012,55070498.9,49321676.09,2.85,51.25,45.9,132603.0,603.0,198.49,600.0,1.82,0.031,87.296,63.498,9.199,130.0,13256496.0,102325.0,7.0,7602.0,145002400.0,82622328.0,2419135.0,94912652.0,49613931.0,432017.0,13796865.0,15941000.0,782647.0,2235538.0,193411109.0,185325127.0,65612648.0,155144.0,44777.0,5302.0,40406.0,598.0
2017,宁波,98420600.0,3032407.849429229,49794609.12510279,43527762.759840354,3.1961018062397373,51.39891894484412,45.29854489641112,123955.0,597.0,198.49,594.0,3.03,0.037,98.412,62.833,9.168,135.0,12344162.0,91705.0,7.05,7500.0,145002400.0,82622328.0,2419135.0,88159049.0,49613931.0,402995.0,12452880.0,14106049.0,587880.0,2146045.0,171252864.0,173925325.0,59026776.0,155144.0,36993.0,5382.0,40406.0,598.0
2016,宁波,86864911.0,3022898.903,44553012.85,39288999.25,3.48,51.29,45.23,110656.0,591.0,198.49,589.0,2.83,0.039,92.503,59.321,9.093,129.0,11401300.0,83656.0,7.1,7286.0,145002400.0,82622328.0,2419135.0,78513525.0,49613931.0,451333.0,11145409.0,12892601.0,566227.0,1983694.0,158067586.0,161960114.0,56894416.0,155144.0,36993.0,5382.0,40406.0,598.0
2015,宁波,80036103.0,2849285.267,40978484.74,36208333.0,3.56,51.2,45.24,102374.0,586.57,198.49,585.2,1.85,0.045,104.584,62.204,8.964,143.0,10734918.0,74989.0,8.0,7509.0,138694578.0,82622328.0,2419135.0,72467212.0,45065771.0,423375.0,10064065.0,12526362.0,473092.0,1906754.0,149669245.0,154002364.0,53028406.0,155767.0,36993.0,5382.0,40406.0,598.0
2014,宁波,76102816.0,2754921.939,39801772.77,33538511.01,3.62,52.3,44.07,98362.0,583.8,198.49,582.0,3.6,0.05,110.575,61.081,8.96,146.0,10263768.0,70227.63,7.6,7383.0,140280501.0,82622328.0,2419135.0,70776014.0,39894626.0,402514.0,8606109.0,10008563.0,428212.0,1596238.0,136106069.0,133074057.0,47803126.0,150854.0,36993.0,5382.0,40406.0,595.0
2013,宁波,71288672.0,2766000.474,37419423.93,31110376.46,3.88,52.49,43.64,122912.0,580.2,198.49,578.9,2.2,0.06,112.05,59.24,8.91,144.0,9124123.0,63151.46,8.31,7167.0,130100892.0,82622328.0,2419135.0,68701412.0,34229529.0,327483.0,7928080.0,9398939.0,375758.0,1484777.0,124932759.0,127405215.0,45623634.0,148954.0,36993.0,5382.0,36145.0,591.0
2012,宁波,65822064.0,2685540.211,35168728.8,27967794.99,4.08,53.43,42.49,86228.0,577.7,198.49,577.1,2.1,0.06,117.02,57.62,8.45,149.0,8378694.0,56255.5,7.8,6804.0,121550760.0,82622328.0,2419135.0,63776216.0,29014258.0,285252.0,7255003.0,8284437.0,324076.0,1417046.0,113003187.0,116023188.0,41759634.0,145358.0,36993.0,5382.0,33286.0,589.0
2011,宁波,60592409.0,2550940.419,33495483.7,24545984.89,4.21,55.28,40.51,79524.0,576.4,198.49,575.2,2.0,0.12,118.26,53.42,7.83,150.0,7485848.0,49756.38,10.0,6616.0,120447699.0,82622328.0,2419135.0,59744501.0,23855072.0,280929.0,6575531.0,7507233.0,281531.0,1176706.0,106768424.0,106592654.0,36962819.0,144424.0,36993.0,5382.0,32020.0,587.0
2010,宁波,51630017.0,2189112.721,28706289.45,20729451.83,4.24,55.6,40.15,69368.0,574.08,198.49,572.6,2.34,0.13,92.07,47.99,7.42,129.0,5611912.0,43476.23,12.5,12491.0,106187425.0,82622328.0,2419135.0,54551296.0,21932830.0,232336.0,5309278.0,6007447.0,221455.0,892738.0,94141982.0,97555158.0,33121737.0,140818.0,36993.0,5382.0,31377.0,585.0
2009,宁波,43293025.0,1835624.26,23620674.44,17836726.3,4.24,54.56,41.2,60720.0,571.02,198.49,569.6,1.9,0.14,87.69,44.44,7.2,120.0,4696906.0,39137.62,6.7,12059.0,82728470.0,82622328.0,2419135.0,43997516.0,20042179.0,220541.0,4328003.0,5060788.0,169678.0,771087.0,77159070.0,82414306.0,29017634.0,135098.0,36993.0,5382.0,29028.0,582.0
2008,宁波,39640472.0,1672827.918,21964785.54,15998894.5,4.22,55.41,40.36,69997.0,568.09,198.49,566.1625,2.17,0.14,73.57,40.92,7.07,111.0,3991251.0,35834.54,10.12,12098.0,85379053.0,82622328.0,2419135.0,43997516.0,17282413.0,253789.0,3903874.0,4394083.0,155104.0,671416.0,56704409.0,62104691.0,23651493.0,130440.0,36993.0,5382.0,25720.0,579.0
2007,宁波,34350042.0,1511401.848,18992138.22,13846501.93,4.4,55.29,40.31,66067.0,564.56,194.21,562.725,2.32,0.15,66.61,37.97,7.04,98.0,3213429.0,32924.48,14.9,11017.0,77890140.0,74562356.0,2419135.0,43997516.0,15975361.0,250518.0,3291218.0,3710400.0,152480.0,590599.0,49580571.0,53040149.0,18560788.0,126094.0,36993.0,5382.0,22931.0,575.0
2006,宁波,28744435.0,1394105.098,15835309.24,11515020.66,4.85,55.09,40.06,51460.0,560.45,188.98,559.2875,2.03,0.15,60.0,35.27,6.94,89.0,2570098.0,28949.07,13.6,9873.0,61879133.0,59305872.0,2419135.0,43997516.0,15027686.0,243018.0,2573799.0,2926969.0,11732.0,369947.0,37274957.0,45734811.0,17520388.0,121263.0,36993.0,5382.0,20305.0,598.0
2005,宁波,24493099.0,1322627.346,13414870.32,9755601.332,5.4,54.77,39.83,44156.0,556.7,182.61,555.85,2.07,0.17,47.89,32.97,6.84,76.0,2198126.0,29045.01,12.6,8788.0,48909669.0,46981648.0,2419135.0,43997516.0,13363043.0,231097.0,2123797.0,2647747.0,9576.0,312652.0,29597759.0,37919362.0,14588012.0,110548.0,36993.0,5382.0,17308.0,594.0
2004,宁波,21580377.0,1234397.564,12302972.93,8043006.508,5.72,57.01,37.27,39174.0,552.69,176.19,552.4125,2.29,0.2,38.94,32.01,6.56,65.0,1681086.0,25823.13,15.5,5927.0,35094791.0,34940795.0,2419135.0,43997516.0,10956650.0,210332.0,1517490.0,2159499.0,6340.0,261747.0,24836090.0,30917954.0,12089813.0,96425.0,36993.0,5382.0,15826.0,590.0
2003,宁波,17868542.0,1122144.438,10011744.08,6734653.48,6.28,56.03,37.69,32639.0,549.07,168.81,548.975,1.33,0.22,34.18,30.94,6.31,60.0,1418635.0,23691.3,15.6,4672.0,26302862.0,26048962.0,3220120.0,43997516.0,8375862.0,172727.0,1394162.0,1802545.0,5103.0,217807.0,21027772.0,26290346.0,10596339.0,80108.0,36993.0,5382.0,13797.0,586.0
2002,宁波,15003435.0,1057742.168,8289397.838,5657795.339,7.05,55.25,37.71,27541.0,546.19,162.43,545.5375,1.66,0.29,28.08,30.07,6.31,55.0,1155660.0,21123.38,13.2,4060.0,20001637.0,19450219.0,2670858.0,43997516.0,3934538.0,124696.0,1118400.0,1452600.0,5103.0,198596.0,21027772.0,26290346.0,8624000.0,62044.0,36993.0,5382.0,12327.0,583.0
2001,宁波,13126854.0,1002891.646,7189577.936,4934384.419,7.64,54.77,37.59,24213.0,543.35,150.86,542.1,1.7,0.51,27.16,29.79,6.31,56.0,1059989.0,19088.58,11.05,3530.0,16296574.0,15386987.0,2137249.0,43997516.0,3205235.0,87446.0,991100.0,1162800.0,5103.0,179385.0,21027772.0,26290346.0,6994600.0,43417.0,36993.0,5382.0,11182.0,580.0
2000,宁波,11757538.0,952360.578,6584221.28,4209198.604,8.1,56.0,35.8,22123.2,540.94,142.03,539.14,3.1,0.74,30.0,31.11,6.31,60.0,927748.0,15512.0,8.9,2803.0,14276977.0,13505192.0,1632597.0,43997516.0,2452652.0,62186.0,692100.0,892300.0,5103.0,160174.0,21027772.0,26290346.0,5860500.0,25918.0,36993.0,5382.0,10731.0,578.0
1999,宁波,10417362.0,927145.218,5823305.358,3666911.424,8.9,55.9,35.2,20033.4,538.41,137.12,536.1800000000001,3.78,0.95,30.01,32.62,6.31,62.0,824034.0,13259.0,7.36,2498.0,10622866.0,9853199.0,1186526.0,43997516.0,1663817.0,39956.0,547500.0,740500.0,5103.0,140963.0,21027772.0,26290346.0,5860500.0,16825.0,36993.0,5382.0,10298.0,575.0
1998,宁波,9734402.0,885830.582,5431796.316,3416775.102,9.1,55.8,35.1,17943.6,535.27,130.48,533.22,6.12,1.03,32.81,35.08,6.31,68.0,768934.0,11330.0,11.0,2498.0,10622866.0,8352444.0,880019.0,43997516.0,3098086.0,50329.0,492384.95620694675,636112.437267561,5103.0,121752.0,21027772.0,26290346.0,5860500.0,12473.0,36993.0,5382.0,11808.0,572.0
1997,宁波,8974306.0,853456.501,5112662.128,3008187.371,9.51,56.97,33.52,15853.8,533.31,123.5,530.26,4.47,133.9,181.69,96.41,6.31,77.0,744910.0,9674.0,13.68,2498.0,10622866.0,7475136.0,785988.0,43997516.0,3005719.0,55408.0,451682.0237720091,535035.7801125381,5103.0,102541.0,21027772.0,26290346.0,5860500.0,11548.0,36993.0,5382.0,10513.0,569.0
1996,宁波,7958607.0,931157.019,4504571.562,2522878.419,11.7,56.6,31.7,13764.0,530.08,119.51,527.3,5.23,134.01,189.84,89.75,6.31,77.0,660757.0,8507.0,17.4,2498.0,10622866.0,7221532.0,665659.0,43997516.0,1458906.0,50162.0,417867.43231451645,438100.21817160095,5103.0,83330.0,21027772.0,26290346.0,5860500.0,10425.0,36993.0,5382.0,10312.0,566.0
1995,宁波,6376278.0,816163.584,3717370.074,1842744.342,12.8,58.3,28.9,11674.199999999999,526.2,115.3,524.34,5.13,133.62,190.94,87.84,6.31,77.0,573191.0,7361.0,20.5,2498.0,10622866.0,6647002.0,626087.0,43997516.0,967147.0,39909.0,383417.4114537979,346135.9410814192,5103.0,64119.0,21027772.0,26290346.0,5860500.0,9764.0,36993.0,5382.0,9550.0,562.0
1994,宁波,4635058.0,637325.0,2632496.0,1365237.0,13.75,56.795,29.455,9584.399999999998,522.85,112.68,521.38,4.8,138.72,165.38,81.92,6.31,77.0,470311.0,6050.57,20.5,2498.0,10622866.0,4804567.0,356034.0,43997516.0,826417.0,35812.0,340808.1908091827,259973.13847866232,5103.0,44908.0,21027772.0,26290346.0,5860500.0,8298.0,36993.0,5382.0,8697.0,557.0
1993,宁波,3164200.0,508541.74637753627,1902793.1973443066,980471.2886023811,15.369458407772298,57.089997420131475,27.428288189409336,7494.5999999999985,519.98,109.81,518.42,5.0,141.23653279063782,152.41076298701606,73.19609354079337,6.31,77.0,370332.9053711231,6050.57,20.5,2498.0,10622866.0,3930218.3333333335,322825.0,43997516.0,505906.0,25787.347599366505,282516.0,180442.0,5103.0,25697.0,21027772.0,26290346.0,5860500.0,6608.0,36993.0,5382.0,7438.0,555.0
1992,宁波,2130500.0,405973.7442699528,1370565.7800397454,652101.3701782912,17.412060980959204,57.78563929729075,24.739016593090724,5404.799999999999,516.72,106.82,515.46,4.3,143.25922522605043,141.3439066538737,63.200022752929435,6.31,77.0,274044.1031013709,6050.57,20.5,2498.0,10622866.0,3055869.666666667,289616.0,43997516.0,384562.0,12836.84059962233,198354.0,119133.0,5103.0,18773.0,21027772.0,26290346.0,5860500.0,5739.5,36993.0,5382.0,6469.0,552.0
1991,宁波,1698600.0,327500.0,983900.0,387200.0,19.281,57.924,22.795,3315.0,514.16,104.55,512.5,6.01,144.55,133.24,54.59,6.31,77.0,181852.0,6050.57,20.5,2498.0,10622866.0,2181521.0,256407.0,43997516.0,258831.0,2680.0,177875.0,106961.0,5103.0,18773.0,21027772.0,26290346.0,5860500.0,4871.0,36993.0,5382.0,5162.0,549.0
1990,宁波,1414000.0,293500.0,803100.0,317400.0,20.757,56.796,22.447,2777.0,510.76,102.98,509.2,7.2,144.81,128.87,51.45,6.31,77.0,156732.0,6050.57,20.5,2498.0,10622866.0,1673540.0,211693.0,43997516.0,219947.0,2197.0,159803.0,96991.0,5103.0,18773.0,21027772.0,26290346.0,5860500.0,4872.0,36993.0,5382.0,4763.0,545.0
2022,嘉兴,67390000.0,1442146.0,37192541.0,28755313.0,2.14,55.19,42.67,121794.0,375.0,130.14,362.0,1.85,0.028,42.935,31.007,6.172,77.0,9564727.0,117155.0,2.49,6592.0,78829406.0,35503401.0,738862.0,97732536.0,27901555.0,412541.0,5964742.0,8277051.0,461927.0,1586842.0,140983851.0,132604790.0,43134368.0,65441.0,39085.0,3932.0,18185.0,891.0
2021,嘉兴,63550000.0,1321840.0,34539425.0,27701445.0,2.08,54.35,43.59,116323.0,372.0,130.14,362.0,1.85,0.028,42.935,31.007,6.172,74.0,8678435.0,117155.0,8.5,6818.0,78829406.0,35503401.0,738862.0,84605632.0,27901555.0,412541.0,6748000.0,7937224.0,389168.0,1484607.0,120667061.0,117006917.0,43134368.0,65441.0,41264.0,3818.0,18185.0,891.0
2020,嘉兴,55100000.0,1239750.0,28607920.0,25252330.0,2.25,51.92,45.83,102541.0,368.0,130.14,362.0,1.85,0.028,42.935,31.007,6.172,72.0,7758711.0,107614.0,3.45,6364.0,78829406.0,35503401.0,738862.0,68038410.0,27901555.0,412541.0,5988000.0,7121830.0,340099.0,1402850.0,100261567.0,104890408.0,43134368.0,65441.0,34966.0,4733.0,18185.0,891.0
2019,嘉兴,53700000.0,1208250.0,28928190.0,23568930.0,2.25,53.87,43.89,112751.0,364.0,130.14,362.0,1.85,0.028,42.935,31.007,6.172,71.0,6945030.0,97767.0,7.0,6452.0,78829406.0,35503401.0,738862.0,60110070.0,27901555.0,412541.0,5656945.0,7668853.0,330388.0,1310320.0,80044316.0,93184427.0,43134368.0,65441.0,27771.0,2313.0,18185.0,891.0
2018,嘉兴,48719836.0,1149788.13,26245375.65,21324672.22,2.36,53.87,43.77,103858.0,360.0,130.14,358.0,1.74,0.086,45.91,29.262,5.879,73.0,6588599.0,90342.0,7.6,5822.0,78829406.0,35503401.0,738862.0,53416070.0,27901555.0,313980.0,5185536.0,5888689.0,238688.0,1202026.0,67706905.0,81043226.0,37194671.0,65441.0,24589.0,2506.0,18185.0,891.0
2017,嘉兴,43805200.0,1246316.9609146714,23119556.47858905,19212474.41221252,2.9233897023714785,52.883254718670536,44.14406227877512,94510.0,356.0,130.14,354.0,3.63,0.039,50.29,28.806,5.724,69.0,5726639.0,82934.0,7.324999999999999,5394.0,78829406.0,35503401.0,738862.0,46820340.0,27901555.0,299452.0,4437941.0,4947026.0,202514.0,1020834.0,59738994.0,73447081.0,34063490.0,65441.0,18244.0,1850.0,18185.0,891.0
2016,嘉兴,38621104.0,1371049.192,20106146.74,17147770.18,3.55,52.06,44.4,83968.0,352.0,130.14,351.0,3.29,0.049,52.163,28.333,5.529,70.0,5165763.0,73836.0,7.05,5051.0,78829406.0,35503401.0,738862.0,42702264.0,27901555.0,269240.0,3879341.0,4421926.0,179357.0,897234.0,51852269.0,66302180.0,32455855.0,65441.0,18244.0,1850.0,18185.0,891.0
2015,嘉兴,35178068.0,1389533.686,18507181.58,15281352.74,3.95,52.61,43.44,76850.0,349.48,130.14,348.8,0.89,0.054,53.054,27.804,5.46,71.0,4778187.0,67689.0,7.0,5154.0,75693085.0,35503401.0,738862.0,40128223.0,25138180.0,268427.0,3503450.0,4241331.0,163574.0,888079.0,47183455.0,57754133.0,29492383.0,52713.0,18244.0,1850.0,18185.0,891.0
2014,嘉兴,33526045.0,1448325.144,18137590.35,13940129.51,4.32,54.1,41.58,73458.0,348.1,130.14,347.0,3.1,0.064,52.414,27.598,5.442,56.0,3347183.0,60309.6,7.52,5005.0,74637540.0,35503401.0,738862.0,38908657.0,22212077.0,249577.0,3070675.0,3349028.0,140870.0,756642.0,43931643.0,55138654.0,27015761.0,65722.0,18244.0,1850.0,18185.0,889.0
2013,嘉兴,31476636.0,1554945.818,17268082.51,12653607.67,4.94,54.86,40.2,90973.0,345.9,130.14,345.2,1.2,0.07,53.05,26.63,5.29,72.0,3879595.0,53965.71,8.89,4707.0,68936724.0,35503401.0,738862.0,35690340.0,19101518.0,220676.0,2823092.0,3033633.0,120567.0,708107.0,38600250.0,50726871.0,24382135.0,63731.0,18244.0,1850.0,17267.0,884.0
2012,嘉兴,28905730.0,1514660.252,16031117.86,11359951.89,5.24,55.46,39.3,63704.0,344.5,130.14,343.8,1.5,0.08,53.09,26.02,5.16,73.0,3512573.0,48329.29,8.7,4324.0,60399321.0,35503401.0,738862.0,31450076.0,16423109.0,178159.0,2577319.0,2607030.0,104554.0,649278.0,34195265.0,44530697.0,21444946.0,60753.0,18244.0,1850.0,16876.0,880.0
2011,嘉兴,26770874.0,1426887.584,15371835.85,9969473.478,5.33,57.42,37.24,59256.0,343.1,130.14,342.3,0.3,0.12,53.79,25.15,4.98,75.0,3230381.0,42985.78,10.6,3987.0,57633603.0,35503401.0,738862.0,27988421.0,14882661.0,172066.0,2264023.0,2406148.0,94763.0,556019.0,32127393.0,41681674.0,18804510.0,56821.0,18244.0,1850.0,16869.0,876.0
2010,嘉兴,23002027.0,1269711.89,13396380.53,8335934.585,5.52,58.24,36.24,52143.0,341.6,130.14,340.6,0.66,0.09,56.48,23.84,4.84,77.0,2784095.0,36317.44,13.7,7311.0,51028508.0,35503401.0,738862.0,25051275.0,14882636.0,160994.0,1768297.0,1990633.0,75362.0,429316.0,27536395.0,35908226.0,16297075.0,52351.0,18244.0,1850.0,16004.0,873.0
2009,嘉兴,19180282.0,1076013.82,11124563.56,6979704.62,5.61,58.0,36.39,44898.0,339.6,130.14,338.8,-0.12,0.11,53.28,22.62,4.68,72.0,2302949.0,31963.21,9.31,6819.0,38639862.0,35503401.0,738862.0,19690840.0,12334071.0,133460.0,1417039.0,1611135.0,59007.0,348888.0,22786501.0,29042125.0,13856243.0,38932.0,18244.0,1850.0,10783.0,867.0
2008,嘉兴,18152979.0,1054688.08,10853666.14,6244624.776,5.81,59.79,34.4,43129.0,338.07,130.14,337.90000000000003,-0.45,0.16,53.64,20.8,4.46,74.0,2149975.0,29219.56,10.66,6728.0,38394273.0,35503401.0,738862.0,19690840.0,10066869.0,135975.0,1268694.0,1359199.0,52238.0,326028.0,16038436.0,21862400.0,11553785.0,36832.0,18244.0,1850.0,10670.0,864.0
2007,嘉兴,15853145.0,970212.474,9497619.169,5385313.356,6.12,59.91,33.97,47157.0,336.81,120.36,337.0,-0.18,0.14,53.08,18.99,4.28,69.0,1803911.0,26004.19,14.5,5986.0,33381612.0,32914819.0,738862.0,19690840.0,9000134.0,166228.0,1052352.0,1074227.0,41431.0,262182.0,13515371.0,17960930.0,9074849.0,30173.0,18244.0,1850.0,10463.0,860.0
2006,嘉兴,13466481.0,882054.506,8071808.711,4512617.783,6.55,59.94,33.51,40206.0,335.55,115.99,336.1,0.12,0.15,50.58,17.99,4.13,65.0,1478092.0,22625.01,13.9,5389.0,26890978.0,26501423.0,738862.0,19690840.0,8002118.0,122178.0,815470.0,863478.0,8716.0,190224.0,11447082.0,15832790.0,8504255.0,25540.0,18244.0,1850.0,10084.0,857.0
2005,嘉兴,11596615.0,844233.572,6818809.62,3932412.146,7.28,58.8,33.91,34706.0,334.33,112.2,335.20000000000005,-0.12,0.15,44.12,16.92,3.97,59.0,1208281.0,20647.32,13.2,4497.0,21789594.0,21588658.0,738862.0,19690840.0,7034577.0,115666.0,667918.0,734502.0,5792.0,159676.0,9605064.0,13417470.0,7371382.0,21298.0,18244.0,1850.0,9456.0,854.0
2004,嘉兴,10505564.0,778462.292,6350613.438,3376488.27,7.41,60.45,32.14,31506.0,333.94,108.42,334.3,0.81,0.26,30.27,15.57,3.65,43.0,900285.0,20700.97,16.46,2836.0,14006318.0,13813601.0,738862.0,19690840.0,6336985.0,102187.0,548923.0,597174.0,4958.0,133220.0,8773576.0,11660432.0,6321092.0,17665.0,18244.0,1850.0,7919.0,853.0
2003,嘉兴,8580276.0,683847.997,5086387.613,2810040.39,7.97,59.28,32.75,25792.0,332.96,101.31,333.40000000000003,-0.07,0.34,13.51,16.04,3.76,28.0,579688.0,20777.35,16.9,2526.0,11135272.0,10877568.0,1147433.0,19690840.0,5255300.0,79768.0,412175.0,472366.0,3762.0,104481.0,7578288.0,10279478.0,5414963.0,18677.0,18244.0,1850.0,7344.0,850.0
2002,嘉兴,7064295.0,616712.954,4037951.022,2409631.024,8.73,57.16,34.11,21268.0,332.38,85.1,332.5,0.83,0.45,12.55,15.46,3.76,27.0,477485.0,17876.64,13.8,1777.0,7874832.0,7659490.0,801672.0,19690840.0,2126435.0,48054.0,316900.0,385400.0,3762.0,95204.5,7578288.0,10279478.0,4364000.0,17463.0,18244.0,1850.0,6624.0,849.0
2001,嘉兴,6042610.0,635078.311,3336124.981,2072010.969,10.51,55.21,34.29,18223.0,331.93,83.55,331.6,1.01,0.46,11.93,14.84,3.76,26.0,404765.0,15355.27,13.05,1303.0,6425095.0,6208068.0,669318.0,19690840.0,1921678.0,27067.0,297300.0,310700.0,3762.0,85928.0,7578288.0,10279478.0,3724300.0,11551.0,18244.0,1850.0,5955.0,848.0
2000,嘉兴,5410181.0,600530.091,3175776.247,1633874.662,11.1,58.7,30.2,16688.3,331.25,78.59,330.16,2.5,0.59,13.29,15.59,3.76,29.0,352453.0,12149.0,12.3,1277.0,5755223.0,5533605.0,592844.0,19690840.0,1796467.0,15318.0,192000.0,215200.0,3762.0,76651.5,7578288.0,10279478.0,3268900.0,7721.0,18244.0,1850.0,6030.0,846.0
1999,嘉兴,4718859.0,552106.503,2812439.964,1349593.674,11.7,59.6,28.6,15153.6,330.19,76.18,328.72,1.19,0.61,15.37,16.11,3.76,32.0,318680.0,9956.0,11.21,1355.0,4758410.0,4504966.0,390216.0,19690840.0,1246296.0,12300.0,131700.0,155900.0,3762.0,67375.0,7578288.0,10279478.0,3268900.0,4061.0,18244.0,1850.0,5474.0,843.0
1998,嘉兴,4450356.0,596347.704,2643511.464,1210496.832,13.4,59.4,27.2,13618.9,329.91,73.21,327.28000000000003,7.25,0.63,17.25,17.18,3.76,35.0,302501.0,8650.0,10.4,1355.0,4758410.0,4118482.0,292620.0,19690840.0,1726893.0,12128.0,117952.69489341212,140308.06868210342,3762.0,58098.5,7578288.0,10279478.0,3268900.0,3511.0,18244.0,1850.0,4456.0,843.0
1997,嘉兴,4197460.0,634655.952,2481538.352,1081265.696,15.12,59.12,25.76,12084.2,329.29,70.35,325.84000000000003,3.17,76.86,81.05,41.72,3.76,40.0,304829.0,7602.0,10.46,1355.0,4758410.0,4278527.0,269276.0,19690840.0,1442108.0,14780.0,121734.10053278018,125594.26496597851,3762.0,48822.0,7578288.0,10279478.0,3268900.0,3103.0,18244.0,1850.0,4566.0,841.0
1996,嘉兴,3816972.0,614532.492,2206209.816,996229.692,16.1,57.8,26.1,10549.5,328.05,68.2,324.4,4.43,77.79,86.18,40.74,3.76,40.0,281420.0,6804.0,17.2,1355.0,4758410.0,4034834.0,248495.0,19690840.0,616277.0,12158.0,134581.5753906136,111358.22254566553,3762.0,39545.5,7578288.0,10279478.0,3268900.0,2743.0,18244.0,1850.0,4588.0,838.0
1995,嘉兴,3212716.0,568650.732,1847311.7,796753.568,17.7,57.5,24.8,9014.8,326.39,66.81,322.96,5.09,80.49,85.41,39.42,3.76,40.0,264438.0,6229.0,-2.9,1355.0,4758410.0,3776393.0,211244.0,19690840.0,414162.0,8019.0,148032.47793942178,97199.57511520467,3762.0,30269.0,7578288.0,10279478.0,3268900.0,2526.0,18244.0,1850.0,4708.0,834.0
1994,嘉兴,2559932.0,496698.0,1492087.0,571147.0,19.403,58.286,22.311,7480.1,324.46,63.96,321.52,5.4,88.73,86.81,37.75,3.76,40.0,221922.0,5347.52,-2.9,1355.0,4758410.0,2967052.0,203626.0,19690840.0,349466.0,4983.0,153624.16665171416,82717.95636863608,3762.0,20992.5,7578288.0,10279478.0,3268900.0,2442.0,18244.0,1850.0,3703.0,826.0
1993,嘉兴,1780900.0,415713.07068947196,1142573.8174629265,398273.974348399,21.584963370446687,56.36662875479944,21.556308586242626,5945.4,322.57,62.49,320.08,5.9,95.53197549482393,84.01180959076235,36.16286948853616,3.76,40.0,181586.182836582,5347.52,-2.9,1355.0,4758410.0,2413884.6666666665,171583.0,19690840.0,233077.0,3092.2879783805506,142894.0,67513.0,3762.0,11716.0,7578288.0,10279478.0,3268900.0,2170.0,18244.0,1850.0,3438.0,824.0
1992,嘉兴,1133200.0,329396.6642254207,803734.4981972179,276894.8230005399,24.315030310129536,54.25521469670594,21.241694915483258,4410.699999999999,320.61,61.17,318.64,6.2,101.44581952575521,79.9667839755322,34.679786596119925,3.76,40.0,142564.1081084766,5347.52,-2.9,1355.0,4758410.0,1860717.3333333333,139540.0,19690840.0,146619.0,1675.5127031903348,109758.0,51579.0,3762.0,9086.0,7578288.0,10279478.0,3268900.0,2003.0,18244.0,1850.0,3255.0,819.0
1991,嘉兴,912500.0,249300.0,475100.0,188100.0,27.321,52.066,20.614,2876.0,318.3,58.92,317.2,6.06,106.17,76.64,33.31,3.76,40.0,105767.0,5347.52,-2.9,1355.0,4758410.0,1307550.0,107497.0,19690840.0,96422.0,640.0,106743.0,46405.0,3762.0,9086.0,7578288.0,10279478.0,3268900.0,1836.0,18244.0,1850.0,2561.0,813.0
1990,嘉兴,813300.0,249700.0,405600.0,158000.0,30.702,49.871,19.427,2582.0,316.19,58.39,314.9,7.2,105.24,74.64,33.44,3.76,40.0,94589.0,5347.52,-2.9,1355.0,4758410.0,1069435.0,93729.0,19690840.0,63581.0,86.0,101237.0,42872.0,3762.0,9086.0,7578288.0,10279478.0,3268900.0,1827.0,18244.0,1850.0,2064.0,808.0
2022,湖州,38500000.0,1613150.0,19661950.0,17224900.0,4.19,51.07,44.74,112902.0,269.0,80.75,267.0,1.7,0.025,29.576,19.376,3.776,46.0,5422932.0,106718.0,3.3,4251.0,46060507.0,20259788.0,433430.0,46721870.0,15921759.0,189881.0,3872962.0,6019198.0,262508.0,1049752.0,87848158.0,77521788.0,24449737.0,26668.0,18954.0,2232.0,13202.0,454.0
2021,湖州,36450000.0,1490805.0,18651465.0,16311375.0,4.09,51.17,44.75,107534.0,269.0,80.75,267.0,1.7,0.025,29.576,19.376,3.776,48.0,5113857.0,106718.0,9.5,4082.0,46060507.0,20259788.0,433430.0,39458794.0,15921759.0,189881.0,4135188.0,5244939.0,225487.0,966992.0,71860452.0,67229924.0,24449737.0,26668.0,20216.0,2036.0,13202.0,454.0
2020,湖州,32010000.0,1398837.0,15880161.0,14731002.0,4.37,49.61,46.02,95579.0,268.6875,80.75,267.0,1.7,0.025,29.576,19.376,3.776,48.0,4548212.0,97620.0,3.26,3792.0,46060507.0,20259788.0,433430.0,31858800.0,15921759.0,189881.0,3365565.0,4844230.0,195052.0,841881.0,59234682.0,58566987.0,24449737.0,26668.0,17712.0,1352.0,13202.0,454.0
2019,湖州,31220000.0,1339338.0,15953420.0,13933486.0,4.29,51.1,44.63,102593.0,268.0,80.75,267.0,1.7,0.025,29.576,19.376,3.776,42.0,3809657.0,89631.0,7.9,3609.0,46060507.0,20259788.0,433430.0,27368519.0,15921759.0,189881.0,3160702.0,4668656.0,187149.0,768283.0,48184632.0,51637465.0,24449737.0,26668.0,16419.0,1256.0,13202.0,454.0
2018,湖州,27190675.0,1277961.725,12736112.17,13176601.11,4.7,46.84,48.46,90304.0,267.0,80.75,267.0,1.88,0.016,29.812,17.544,3.327,41.0,3306475.0,81617.0,8.05,3049.0,46060507.0,20259788.0,433430.0,24104877.0,15921759.0,127143.0,2870960.0,3975433.0,157795.0,699078.0,38715321.0,45140784.0,21213667.0,26668.0,18672.0,1831.0,13202.0,454.0
2017,湖州,24761300.0,1270119.650418852,11810949.203574594,11951524.281477034,5.1663671875,47.28331715688699,47.522672304093675,82952.0,266.0,80.75,265.0,2.7,0.026,32.518,17.836,3.284,42.0,3057077.0,72335.0,7.845000000000001,2945.0,46060507.0,20259788.0,433430.0,22343231.0,15921759.0,105320.0,2374308.0,3250181.0,112968.0,636727.0,32668208.0,39630456.0,19046429.0,26668.0,12025.0,2190.0,13202.0,454.0
2016,湖州,22843743.0,1274680.859,10994693.51,10574368.64,5.58,48.13,46.29,77110.0,265.0,80.75,264.0,2.91,0.02,32.67,17.536,3.247,44.0,2853385.0,65051.0,7.64,2806.0,46060507.0,20259788.0,433430.0,20778856.0,15921759.0,100131.0,2111792.0,2886169.0,93215.0,581217.0,27403590.0,34768018.0,17447634.0,26668.0,12025.0,2190.0,13202.0,454.0
2015,湖州,20842666.0,1223464.494,10267097.27,9352104.234,5.87,49.26,44.87,70894.0,263.71,80.75,263.8,0.41,0.015,32.86,17.183,3.202,42.0,2585986.0,61201.0,8.32,2752.0,44131008.0,20259788.0,433430.0,18883502.0,14026428.0,94188.0,1913116.0,2737406.0,83942.0,533475.0,25098339.0,30346398.0,15481478.0,32199.0,12025.0,2190.0,13202.0,454.0
2014,湖州,19559985.0,1202939.078,9991240.338,8365805.585,6.15,51.08,42.77,66917.0,263.8,80.75,263.1,3.4,0.026,32.467,16.936,3.223,43.0,2406848.0,56445.78,8.42,2719.0,42013960.0,20259788.0,433430.0,17776984.0,12429184.0,98419.0,1678400.0,2245670.0,69814.0,464525.0,23249508.0,27560543.0,13699495.0,26988.0,12025.0,2190.0,13202.0,453.0
2013,湖州,18031501.0,1254992.47,9531451.429,7243253.952,6.96,52.86,40.17,68823.0,262.5,80.75,261.9,2.3,0.03,31.82,16.37,3.2,42.0,2148619.0,51637.08,8.34,2577.0,38280173.0,20259788.0,433430.0,16266830.0,10700473.0,105860.0,1546646.0,1675076.0,60105.0,415340.0,21454291.0,25779300.0,12437968.0,26673.0,12025.0,2190.0,16628.0,451.0
2012,湖州,16643045.0,1226592.416,8864085.767,6552366.816,7.37,53.26,39.37,57350.0,261.4,80.75,261.2,-0.4,0.02,31.37,15.74,3.09,40.0,1871993.0,46290.63,9.67,2428.0,33338320.0,20259788.0,433430.0,14905565.0,9707282.0,102599.0,1385508.0,1675076.0,51861.0,371108.0,18522820.0,22333437.0,10784617.0,26153.0,12025.0,2190.0,19467.0,449.0
2011,湖州,15200553.0,1162842.304,8176377.459,5861333.237,7.65,53.79,38.56,52477.0,261.1,80.75,260.5,1.2,0.02,27.79,13.63,2.89,37.0,1538746.0,41106.89,10.8,2309.0,28900459.0,20259788.0,433430.0,13288863.0,8046706.0,94038.0,1221200.0,1517340.0,45753.0,321089.0,17121700.0,21020466.0,9544396.0,25329.0,12025.0,2190.0,20103.0,449.0
2010,湖州,13017294.0,1042685.249,7150399.594,4825510.886,8.01,54.93,37.07,45323.0,259.98,80.75,259.6,0.09,0.02,25.07,12.82,2.81,35.0,1287793.0,36485.42,12.1,3561.0,26665326.0,20259788.0,433430.0,11400558.0,7199765.0,91905.0,972655.0,1271209.0,36729.0,251107.0,14613222.0,18056148.0,8216820.0,24768.0,12025.0,2190.0,18108.0,447.0
2009,湖州,11018263.0,902395.74,6064451.955,4051415.305,8.19,55.04,36.77,38865.0,259.17,80.75,258.8,0.16,0.02,21.74,12.19,2.73,31.0,1065337.0,33841.71,10.2,3371.0,21980861.0,20259788.0,433430.0,8723091.0,6386873.0,81095.0,800106.0,1085102.0,32490.0,215076.0,11507123.0,13976868.0,6883264.0,24409.0,12025.0,2190.0,16353.0,445.0
2008,湖州,10348945.0,825845.811,5935119.958,3586944.337,7.98,57.35,34.66,40089.0,258.5,80.75,258.46250000000003,0.18,0.03,20.57,12.1,2.72,31.0,966985.0,31456.9,10.62,3069.0,21384957.0,20259788.0,433430.0,8723091.0,5252356.0,80206.0,716116.0,864170.0,28155.0,180979.0,7758433.0,10018004.0,5390516.0,23468.0,12025.0,2190.0,16604.0,444.0
2007,湖州,8920238.0,695778.564,5107728.279,3116731.157,7.8,57.26,34.94,34596.0,257.8,79.61,258.125,0.69,0.03,18.08,11.1,2.71,27.0,767912.0,28504.53,14.4,2567.0,17605167.0,16963385.0,433430.0,8723091.0,4583411.0,84363.0,616780.0,688180.0,23294.0,153279.0,6559080.0,8012836.0,4139781.0,21096.0,12025.0,2190.0,16379.0,443.0
2006,湖州,7610154.0,655995.275,4351486.057,2602672.668,8.62,57.18,34.2,29527.0,257.89,78.41,257.7875,0.56,0.03,16.1,10.63,2.61,25.0,643476.0,26041.12,13.99,2339.0,13855297.0,13354446.0,433430.0,8723091.0,4797505.0,75702.0,497923.0,559348.0,3254.0,110268.0,5487563.0,7062091.0,3869368.0,18795.0,12025.0,2190.0,15591.0,443.0
2005,湖州,6442499.0,630076.402,3532422.202,2280000.396,9.78,54.83,35.39,25030.0,257.58,77.81,257.45000000000005,0.86,0.04,13.23,10.99,2.24,22.0,536451.0,23874.1,14.4,1895.0,10707901.0,10295121.0,433430.0,8723091.0,4160475.0,65072.0,397308.0,440839.0,2669.0,95391.0,4537172.0,5985909.0,3309349.0,16406.0,12025.0,2190.0,13811.0,443.0
2004,湖州,5906926.0,647989.782,3236995.448,2021940.77,10.97,54.8,34.23,22966.0,257.21,76.37,257.1125,1.5,0.07,9.99,10.03,2.56,18.0,401069.0,22024.66,15.38,1589.0,7663651.0,7599839.0,433430.0,8723091.0,3654743.0,61121.0,333642.0,365120.0,1109.0,81810.0,4006753.0,5273867.0,2886501.0,14269.0,12025.0,2190.0,12152.0,442.0
2003,湖州,4907516.0,554058.556,2617669.034,1735788.409,11.29,53.34,35.37,19102.0,256.78,74.47,256.77500000000003,-0.36,0.08,5.16,10.03,2.54,14.0,273205.0,19971.13,15.0,1323.0,5886152.0,5814643.0,645166.0,8723091.0,2679721.0,53734.0,252638.0,304720.0,823.0,66599.0,3654519.0,4864162.0,2605537.0,12051.0,12025.0,2190.0,10978.0,441.0
2002,湖州,4225003.0,514605.365,2285304.123,1425093.512,12.18,54.09,33.73,16454.0,257.05,72.21,256.4375,1.38,0.15,5.89,10.12,2.54,15.0,245429.0,16650.54,12.3,1118.0,4593204.0,4320850.0,439544.0,8723091.0,1026774.0,38473.0,186300.0,243400.0,823.0,60726.8,3654519.0,4864162.0,2147000.0,9975.0,12025.0,2190.0,9491.0,442.0
2001,湖州,3850025.0,505123.28,2073623.465,1270893.252,13.12,53.86,33.01,15031.0,256.49,70.96,256.1,1.98,0.16,6.89,9.89,2.54,17.0,215922.0,13046.65,12.15,983.0,4095037.0,3590878.0,348315.0,8723091.0,943135.0,20972.0,163400.0,192300.0,823.0,54854.6,3654519.0,4864162.0,1820100.0,6723.0,12025.0,2190.0,7509.0,441.0
2000,湖州,3778769.0,521470.122,2135004.485,1122294.393,13.8,56.5,29.7,13773.9,255.79,65.56,255.09000000000003,3.0,0.21,7.92,10.69,2.54,19.0,194246.0,10343.0,12.0,768.0,3557451.0,3222646.0,290802.0,8723091.0,740152.0,8205.0,98900.0,132500.0,823.0,48982.4,3654519.0,4864162.0,1602800.0,3991.0,12025.0,2190.0,6772.0,440.0
1999,湖州,3426184.0,500222.864,1935793.96,986740.992,14.6,56.5,28.8,12516.8,255.07,60.56,254.08,1.37,0.24,9.17,10.66,2.54,20.0,182984.0,9014.0,9.96,748.0,3040818.0,2718453.0,228191.0,8723091.0,517991.0,6023.0,70800.0,104100.0,823.0,43110.2,3654519.0,4864162.0,1602800.0,2373.0,12025.0,2190.0,6764.0,438.0
1998,湖州,3245411.0,499793.294,1836902.626,908715.08,15.4,56.6,28.0,11259.7,254.81,58.98,253.07000000000002,7.11,0.27,10.33,11.62,2.54,22.0,179759.0,8032.0,11.8,748.0,3040818.0,2538185.0,181112.0,8723091.0,941753.0,5040.0,66180.7816099777,93528.88070105406,823.0,37238.0,3654519.0,4864162.0,1602800.0,1633.0,12025.0,2190.0,5700.0,438.0
1997,湖州,2961650.0,493114.725,1663854.97,804680.305,16.65,56.18,27.17,10002.6,254.58,54.2,252.06,3.08,66.82,47.52,31.73,2.54,26.0,192338.0,7288.0,11.08,748.0,3040818.0,2525139.0,156013.0,8723091.0,840495.0,5543.0,68849.34400709222,83078.79646550409,823.0,31365.800000000003,3654519.0,4864162.0,1602800.0,1396.0,12025.0,2190.0,5941.0,438.0
1996,湖州,2679177.0,466176.798,1481584.881,728736.144,17.4,55.3,27.2,8745.5,254.56,51.82,251.05,4.9,66.17,50.07,31.61,2.54,26.0,180996.0,6776.0,16.3,748.0,3040818.0,2493276.0,146693.0,8723091.0,386805.0,4815.0,74938.46711799764,72686.45678548691,823.0,25493.6,3654519.0,4864162.0,1602800.0,1379.0,12025.0,2190.0,5248.0,438.0
1995,湖州,2273113.0,425072.131,1182018.76,666022.109,18.7,52.0,29.3,7488.400000000001,252.63,50.03,250.04000000000002,4.69,66.47,51.93,29.97,2.54,26.0,172612.0,6268.0,12.2,748.0,3040818.0,2373879.0,122994.0,8723091.0,306991.0,3998.0,80580.93086934804,62288.5711531393,823.0,19621.4,3654519.0,4864162.0,1602800.0,1559.0,12025.0,2190.0,5181.0,434.0
1994,湖州,1869530.0,364528.0,1014562.0,490440.0,19.498,54.268,26.233,6231.300000000001,250.95,48.88,249.03,4.8,68.61,51.83,29.36,2.54,26.0,152472.0,5441.54,12.2,748.0,3040818.0,1851820.0,181338.0,8723091.0,260819.0,3800.0,81909.51518779746,51821.84906059806,823.0,13749.200000000004,3654519.0,4864162.0,1602800.0,1587.0,12025.0,2190.0,5518.0,430.0
1993,湖州,1284000.0,304262.90159469354,779049.9277466405,352280.94226701686,23.016086091285295,52.052605077110314,24.88298234939745,4974.200000000001,249.37,46.66,248.02,5.1,73.36438682902966,49.377845067824275,27.311397154730486,2.54,26.0,125591.0028509479,5441.54,12.2,748.0,3040818.0,1505751.6666666667,141001.0,8723091.0,154934.0,2795.3965689657625,75057.0,41223.0,823.0,7877.0,3654519.0,4864162.0,1602800.0,1240.0,12025.0,2190.0,4632.0,435.0
1992,湖州,791900.0,244321.94239167767,512837.0858868404,232296.1672581056,26.75435442830841,49.59093532979643,23.627616695405425,3717.1000000000004,248.02,45.02,247.01,5.6,79.4211966560059,46.25616599370556,24.56350138016805,2.54,26.0,95410.12473741712,5441.54,12.2,748.0,3040818.0,1159683.3333333335,100664.0,8723091.0,106692.0,1381.0976098215688,55628.0,30437.0,823.0,6201.0,3654519.0,4864162.0,1602800.0,1080.5,12025.0,2190.0,4063.0,432.0
1991,湖州,605200.0,184800.0,283500.0,136800.0,30.535,46.844,22.604,2460.0,246.76,43.95,246.0,5.46,84.45,43.69,22.37,2.54,26.0,68993.0,5441.54,12.2,748.0,3040818.0,813615.0,60327.0,8723091.0,51184.0,307.0,52220.0,28328.0,823.0,6201.0,3654519.0,4864162.0,1602800.0,921.0,12025.0,2190.0,3347.0,430.0
1990,湖州,549900.0,188500.0,241400.0,120000.0,34.279,43.899,21.822,2247.0,245.28,43.66,244.7,8.5,86.7,42.2,21.65,2.54,26.0,62431.0,5441.54,12.2,748.0,3040818.0,665768.0,46709.0,8723091.0,37757.0,224.0,50332.0,25388.0,823.0,6201.0,3654519.0,4864162.0,1602800.0,956.0,12025.0,2190.0,3348.0,428.0
2022,绍兴,73510000.0,2433181.0,35983145.0,35093674.0,3.31,48.95,47.74,137522.0,446.0,139.97,448.0,1.49,0.029,76.839,26.079,6.181,105.0,11282254.0,99354.0,4.42,5263.0,98269408.0,52968220.0,1316707.0,62357657.0,28824824.0,65739.0,5400896.0,8048576.0,418552.0,1570741.0,138101235.0,140506250.0,47232839.0,90277.0,33181.0,3500.0,11583.0,535.0
2021,绍兴,67950000.0,2269530.0,32283045.0,33397425.0,3.34,47.51,49.15,127875.0,447.0,139.97,448.0,1.49,0.029,76.839,26.079,6.181,105.0,10407563.0,99354.0,8.73,4944.0,98269408.0,52968220.0,1316707.0,55410692.0,28824824.0,65739.0,6038029.0,7144995.0,355868.0,1462258.0,116735820.0,120462830.0,47232839.0,90277.0,38293.0,4137.0,11583.0,535.0
2020,绍兴,60010000.0,2190365.0,27118519.0,30701116.0,3.65,45.19,51.16,113746.0,447.96875,139.97,448.0,1.49,0.029,76.839,26.079,6.181,106.0,8860232.0,85837.0,3.26,4561.0,98269408.0,52968220.0,1316707.0,49249836.0,28824824.0,65739.0,5435174.0,6671630.0,307165.0,1366574.0,100956339.0,107254554.0,47232839.0,90277.0,35574.0,3583.0,11583.0,535.0
2019,绍兴,57810000.0,2081160.0,27708333.0,28014726.0,3.6,47.93,48.46,114561.0,448.0,139.97,448.0,1.49,0.029,76.839,26.079,6.181,99.0,8009775.0,80842.0,7.16,4769.0,98269408.0,52968220.0,1316707.0,44493261.0,28824824.0,65739.0,5283698.0,6408697.0,468932.0,1314831.0,85275161.0,94081554.0,47232839.0,90277.0,26934.0,3293.0,11583.0,535.0
2018,绍兴,54168952.0,1960916.062,26120268.65,26087767.28,3.62,48.22,48.16,107853.0,447.0,139.97,447.0,1.06,0.011,89.71,25.34,6.391,111.0,8379398.0,75375.0,7.09,4584.0,98269408.0,52968220.0,1316707.0,44743727.0,28824824.0,135141.0,5013379.0,5566451.0,315725.0,1202789.0,74683142.0,82269775.0,40828737.0,90277.0,37288.0,3254.0,11583.0,535.0
2017,绍兴,50783700.0,2007971.9645635642,25064034.191092942,23913161.790262774,3.974308035714285,49.17263021895825,46.840072614227545,101588.0,446.0,139.97,446.0,2.88,0.012,94.49,25.744,6.028,116.0,7836846.0,67489.0,6.305,4494.0,98269408.0,52968220.0,1316707.0,45056648.0,28824824.0,128666.0,4313596.0,4698303.0,260669.0,995509.0,66767606.0,76575632.0,36077511.0,90277.0,25741.0,2118.0,11583.0,535.0
2016,绍兴,47890304.0,2078439.194,23983464.24,21833189.59,4.34,50.08,45.59,96204.0,445.0,139.97,444.0,2.58,0.016,110.996,25.814,5.787,133.0,8155143.0,61394.0,5.52,4430.0,98269408.0,52968220.0,1316707.0,51541888.0,28824824.0,80031.0,3903010.0,4560959.0,228725.0,971151.0,61111742.0,72633137.0,34052747.0,90277.0,25741.0,2118.0,11583.0,535.0
2015,绍兴,44659653.0,1987354.558,22530794.94,20141503.5,4.45,50.45,45.1,90003.0,443.11,139.97,443.1,0.43,0.017,112.675,25.934,5.752,122.0,7175981.0,58728.0,7.13,4352.0,97463846.0,52968220.0,1316707.0,51408276.0,25828403.0,94152.0,3628935.0,4214117.0,209746.0,935338.0,59472120.0,68209613.0,31130334.0,83831.0,25741.0,2118.0,11583.0,535.0
2014,绍兴,42658839.0,1940977.174,22135671.56,18582190.27,4.55,51.89,43.56,86136.0,443.0,139.97,442.4,2.6,0.027,114.042,25.668,5.722,123.0,6752428.0,54764.22,7.5,4231.0,97353042.0,52968220.0,1316707.0,52140047.0,23046833.0,67130.0,3172705.0,3464437.0,184555.0,779332.0,58233946.0,65542219.0,28061541.0,80348.0,25741.0,2118.0,11583.0,535.0
2013,绍兴,39672887.0,1932069.597,21030597.4,16710220.0,4.87,53.01,42.12,89758.0,441.7,139.97,441.3,0.7,0.06,111.53,23.95,5.43,120.0,6026388.0,50379.43,8.57,4079.0,93393104.0,52968220.0,1316707.0,49733050.0,20019855.0,80782.0,2930721.0,3121077.0,158729.0,705628.0,54478356.0,63654548.0,27242485.0,77532.0,25741.0,2118.0,9986.0,533.0
2012,绍兴,36540321.0,1848940.243,19625806.41,15069228.38,5.06,53.71,41.24,82966.0,440.8,139.97,440.4,0.7,0.05,106.48,24.13,5.57,116.0,5311926.0,45615.51,9.75,3682.0,85512533.0,52968220.0,1316707.0,46208926.0,17225646.0,95400.0,2657555.0,2787074.0,132309.0,672450.0,49341738.0,58459494.0,24920890.0,59758.0,25741.0,2118.0,9547.0,534.0
2011,绍兴,33319960.0,1719309.936,18342637.98,13254680.09,5.16,55.05,39.78,75820.0,440.0,139.97,439.5,0.4,0.06,101.88,23.24,5.37,111.0,4425898.0,39808.4,10.53,3427.0,79326832.0,52968220.0,1316707.0,42526030.0,14262594.0,80468.0,2396916.0,2533091.0,123294.0,561261.0,44630856.0,55101360.0,22276697.0,56455.0,25741.0,2118.0,9021.0,533.0
2010,绍兴,27952029.0,1495433.551,15667112.25,10789483.19,5.35,56.05,38.6,63770.0,438.91,139.97,438.3,0.28,0.03,85.03,22.07,5.2,99.0,3479430.0,35124.47,11.0,5545.0,67971868.0,52968220.0,1316707.0,38230605.0,12455609.0,95327.0,1932305.0,2219473.0,95542.0,450571.0,39342663.0,49483217.0,19457175.0,53869.0,25741.0,2118.0,9054.0,530.0
2009,绍兴,23757754.0,1244906.31,13610817.27,8902030.424,5.24,57.29,37.47,54316.0,437.74,139.97,437.4,0.23,0.04,72.87,21.83,5.08,90.0,2923702.0,32503.64,9.3,5266.0,55189053.0,52968220.0,1316707.0,32012470.0,10550321.0,81117.0,1604310.0,1695366.0,77951.0,382071.0,33637939.0,41395407.0,17070064.0,52898.0,25741.0,2118.0,8666.0,530.0
2008,绍兴,22229451.0,1167046.178,13290988.75,7771416.07,5.25,59.79,34.96,50909.0,437.06,139.97,436.84999999999997,0.21,0.05,66.2,19.87,5.0,78.0,2381040.0,30636.13,9.0,5213.0,53901974.0,52968220.0,1316707.0,32012470.0,9157476.0,84031.0,1435954.0,1440939.0,61925.0,327857.0,24612974.0,32322192.0,14060403.0,50258.0,25741.0,2118.0,11481.0,529.0
2007,绍兴,19720520.0,1051103.716,11974299.74,6695116.54,5.33,60.72,33.95,45244.0,436.24,136.32,436.29999999999995,1.19,0.04,52.14,18.61,4.87,66.0,1974258.0,29953.85,14.3,4428.0,48690061.0,47961175.0,1316707.0,32012470.0,8433749.0,110476.0,1221169.0,1137609.0,44978.0,261823.0,20696821.0,26392686.0,10868531.0,44103.0,25741.0,2118.0,11178.0,528.0
2006,绍兴,16776266.0,973023.428,10158029.06,5645213.509,5.8,60.55,33.65,38540.0,435.5,132.24,435.75,0.96,0.05,45.14,17.99,4.68,58.0,1558329.0,26914.15,13.2,4032.0,39108689.0,38278416.0,1316707.0,32012470.0,7657451.0,97188.0,945465.0,954864.0,8198.0,192857.0,17328046.0,22671625.0,10450417.0,38332.0,25741.0,2118.0,10275.0,528.0
2005,绍兴,14474700.0,930723.21,8729691.57,4814285.22,6.43,60.31,33.26,33283.0,435.09,126.71,435.2,1.97,0.05,41.92,16.97,4.57,57.0,1402834.0,24630.06,13.7,3676.0,32150738.0,31481179.0,1316707.0,32012470.0,6761274.0,90095.0,761326.0,800388.0,6681.0,173222.0,13992589.0,18648862.0,8890981.0,30702.0,25741.0,2118.0,9698.0,527.0
2004,绍兴,13138654.0,922333.511,7867426.015,4348894.474,7.02,59.88,33.1,30254.0,434.72,121.14,434.65,3.11,0.11,30.87,17.51,4.48,46.0,984041.0,21579.85,15.3,3876.0,25142480.0,24321912.0,1316707.0,32012470.0,6249471.0,82344.0,509208.0,645049.0,5512.0,149057.0,11767640.0,15234995.0,7590618.0,25034.0,25741.0,2118.0,10307.0,527.0
2003,绍兴,10892802.0,824585.111,6448538.784,3619678.105,7.57,59.2,33.23,25115.0,433.84,103.01,434.1,1.54,0.13,21.9,17.15,4.27,37.0,732221.0,19693.95,15.0,2448.0,18953957.0,18490024.0,1876320.0,32012470.0,5350324.0,74271.0,504849.0,570548.0,3802.0,126181.0,9867918.0,12801778.0,6649024.0,19344.0,25741.0,2118.0,8032.0,525.0
2002,绍兴,9281491.0,800992.673,5394402.569,3087023.907,8.63,58.12,33.26,21414.0,433.59,90.91,433.55,2.69,0.17,19.29,16.94,4.27,35.0,584930.0,16861.63,13.8,2125.0,14714046.0,14211004.0,1467281.0,32012470.0,1690296.0,38167.0,396200.0,451600.0,3802.0,115174.6,9867918.0,12801778.0,5396000.0,14290.0,25741.0,2118.0,7247.0,525.0
2001,绍兴,8225419.0,804445.978,4779790.981,2641182.041,9.78,58.11,32.11,18997.0,433.27,85.73,433.0,3.04,0.19,18.1,16.61,4.27,34.0,504089.0,14730.83,12.7,1975.0,12019285.0,11545999.0,1215380.0,32012470.0,1451819.0,15777.0,355900.0,373700.0,3802.0,104168.2,9867918.0,12801778.0,4566600.0,8880.0,25741.0,2118.0,6743.0,525.0
2000,绍兴,7797639.0,779763.9,4725369.234,2292505.866,10.0,60.6,29.4,17334.4,432.69,80.67,431.1,3.51,0.22,19.29,16.95,4.27,37.0,419482.0,11461.0,11.6,1776.0,10451306.0,10251617.0,1047779.0,32012470.0,1313155.0,11598.0,245400.0,257600.0,3802.0,93161.8,9867918.0,12801778.0,3989300.0,5800.0,25741.0,2118.0,6580.0,521.0
1999,绍兴,7050648.0,740318.04,4329097.872,1981232.088,10.5,61.4,28.1,15671.8,431.7,77.31,429.2,3.84,0.27,20.83,17.98,4.27,38.0,390594.0,10212.0,11.23,1618.0,8959160.0,8431188.0,815410.0,32012470.0,683078.0,8249.0,170200.0,194300.0,3802.0,82155.4,9867918.0,12801778.0,3989300.0,3648.0,25741.0,2118.0,5640.0,523.0
1998,绍兴,6512592.0,729410.304,3979193.712,1810500.576,11.2,61.1,27.8,14009.2,430.04,72.65,427.3,6.92,0.29,22.07,18.59,4.27,40.0,370293.0,9168.0,11.3,1618.0,8959160.0,7221545.0,641490.0,32012470.0,1701775.0,11789.0,145145.4394318579,174010.88801437666,3802.0,71149.0,9867918.0,12801778.0,3989300.0,2716.0,25741.0,2118.0,5614.0,521.0
1997,绍兴,5945503.0,689083.798,3611893.072,1644526.13,11.59,60.75,27.66,12346.6,428.94,70.11,425.4,5.31,104.55,118.36,59.18,4.27,46.0,379970.0,8342.0,19.34,1618.0,8959160.0,5226718.0,466204.0,32012470.0,1645175.0,11481.0,143338.5815191564,154613.98980407545,3802.0,60142.600000000006,9867918.0,12801778.0,3989300.0,2367.0,25741.0,2118.0,6849.0,520.0
1996,绍兴,5137087.0,652410.049,3092526.374,1392150.577,12.7,60.2,27.1,10684.0,426.84,67.6,423.5,5.95,102.93,115.62,63.73,4.27,46.0,336428.0,7402.0,20.4,1618.0,8959160.0,4955559.0,398234.0,32012470.0,466630.0,13435.0,154140.36744075766,135672.07863329176,3802.0,49136.2,9867918.0,12801778.0,3989300.0,2155.0,25741.0,2118.0,6798.0,540.0
1995,绍兴,4112082.0,571579.398,2463137.118,1077365.484,13.9,59.9,26.2,9021.400000000001,424.7,65.05,421.6,6.83,113.62,119.49,60.48,4.27,46.0,289166.0,6715.0,13.9,1618.0,8959160.0,4206874.0,314123.0,32012470.0,537891.0,12972.0,166911.73837552388,116747.92776622104,3802.0,38129.8,9867918.0,12801778.0,3989300.0,2313.0,25741.0,2118.0,6667.0,538.0
1994,绍兴,3078070.0,472373.0,1819349.0,786348.0,15.346,59.107,25.547,7358.800000000001,421.83,62.58,419.7,5.7,113.01,116.73,56.36,4.27,46.0,249571.0,5898.63,13.9,1618.0,8959160.0,3131663.0,280366.0,32012470.0,673852.0,11166.0,171013.63550231728,97404.31046705868,3802.0,27123.40000000001,9867918.0,12801778.0,3989300.0,2102.0,25741.0,2118.0,6378.0,532.0
1993,绍兴,2007700.0,380470.64499505574,1271344.716219022,544811.6101973767,17.49586058799164,57.92195747398468,24.642051513492973,5696.200000000001,419.62,59.91,417.8,6.2,120.79697419133697,106.88218525794422,49.72269072646714,4.27,46.0,201457.0584061905,5898.63,13.9,1618.0,8959160.0,2513567.0,230614.0,32012470.0,330091.0,8079.142498874211,155807.0,77204.0,3802.0,16117.0,9867918.0,12801778.0,3989300.0,1877.0,25741.0,2118.0,6186.0,531.0
1992,绍兴,1272500.0,296372.18972607865,861826.5406762119,362869.97637997486,20.119453012590704,56.51247870658427,23.558760647672553,4033.6000000000004,417.16,55.47,415.9,5.1,131.68012616045172,93.33089117909061,41.110283218781916,4.27,46.0,147423.21301905334,5898.63,13.9,1618.0,8959160.0,1895471.0,180862.0,32012470.0,133922.0,4327.093843887844,115231.0,55989.0,3802.0,12867.0,9867918.0,12801778.0,3989300.0,1642.5,25741.0,2118.0,5757.0,528.0
1991,绍兴,981600.0,220400.0,538900.0,222300.0,22.453,54.9,22.647,2371.0,415.31,53.65,414.0,6.53,139.17,83.17,34.0,4.27,46.0,98961.0,5898.63,13.9,1618.0,8959160.0,1277375.0,131110.0,32012470.0,74959.0,1213.0,108717.0,50104.0,3802.0,12867.0,9867918.0,12801778.0,3989300.0,1408.0,25741.0,2118.0,2781.0,526.0
1990,绍兴,823800.0,197700.0,435700.0,190400.0,23.999,52.889,23.112,2002.0,412.67,53.61,411.5,7.2,136.69,84.81,33.5,4.27,46.0,88146.0,5898.63,13.9,1618.0,8959160.0,995734.0,103529.0,32012470.0,47073.0,503.0,101159.0,45854.0,3802.0,12867.0,9867918.0,12801778.0,3989300.0,1512.0,25741.0,2118.0,2743.0,522.0
2022,舟山,19510000.0,1709076.0,9501370.0,8299554.0,8.76,48.7,42.54,167134.0,95.0,35.79,97.0,-1.47,0.047,5.686,12.877,1.653,18.0,2336554.0,123685.0,8.5,464.0,18721066.0,5917097.0,60137.0,16867587.0,13111370.0,50093.0,1561472.0,3542734.0,109409.0,381141.0,36852760.0,32617115.0,9716492.0,24521.0,2741.0,743.0,22283.0,667.0
2021,舟山,17040000.0,1589832.0,7540200.0,7909968.0,9.33,44.25,46.42,146611.0,96.0,35.79,97.0,-1.47,0.047,5.686,12.877,1.653,17.0,2160142.0,123685.0,8.4,425.0,18721066.0,5917097.0,60137.0,15478215.0,13111370.0,50093.0,1807000.0,3361101.0,94342.0,364623.0,32177441.0,27146898.0,9716492.0,24521.0,3154.0,957.0,22283.0,667.0
2020,舟山,15120000.0,1530144.0,5899824.0,7690032.0,10.12,39.02,50.86,130130.0,96.6875,35.79,97.0,-1.47,0.047,5.686,12.877,1.653,19.0,2017529.0,108495.0,12.01,391.0,18721066.0,5917097.0,60137.0,10902066.0,13111370.0,50093.0,1591996.0,3126851.0,72132.0,325608.0,27032510.0,24793051.0,9716492.0,24521.0,2805.0,863.0,22283.0,667.0
2019,舟山,13720000.0,1463924.0,4755352.0,7496608.0,10.67,34.66,54.64,116781.0,97.0,35.79,97.0,-1.47,0.047,5.686,12.877,1.653,17.0,1796972.0,106441.0,9.15,376.0,18721066.0,5917097.0,60137.0,11655256.0,13111370.0,50093.0,1548600.0,3233611.0,74615.0,360395.0,24259327.0,22213094.0,9716492.0,24521.0,2027.0,580.0,22283.0,667.0
2018,舟山,13166986.0,1425984.584,4283220.546,7456464.172,10.83,32.53,56.63,112490.0,97.0,35.79,97.0,-1.57,0.006,5.851,12.28,1.547,17.0,1635074.0,98394.0,6.66,360.0,18721066.0,5917097.0,60137.0,9456798.0,13111370.0,41762.0,1460243.0,3084897.0,67847.0,344129.0,20036760.0,19868645.0,8314222.0,24521.0,2216.0,508.0,22283.0,667.0
2017,舟山,12197800.0,1362478.222021336,4738883.732716792,6769668.206386081,10.519265625000001,36.71407106046949,52.78046025647639,104882.0,97.0,35.79,97.0,-1.55,0.007,6.102,12.27,1.481,17.0,1574188.0,93018.0,9.004999999999999,351.0,18721066.0,5917097.0,60137.0,7681804.0,13111370.0,40518.0,1257644.0,2586044.0,55548.0,331707.0,16936863.0,19436733.0,7550242.0,24521.0,1920.0,501.0,22283.0,667.0
2016,舟山,12411989.0,1267264.077,5100086.28,6044638.643,10.21,41.09,48.7,107463.0,97.0,35.79,97.0,-0.12,1.2,17.95,27.84,1.53,17.0,1378804.0,80311.0,11.35,375.0,18721066.0,5917097.0,60137.0,8246342.0,13111370.0,21017.0,1203248.0,2505417.0,58786.0,291712.0,14840103.0,18078318.0,7158648.0,24521.0,1920.0,501.0,22283.0,667.0
2015,舟山,10928459.0,1110331.434,4495968.033,5322159.533,10.16,41.14,48.7,95113.0,97.36,35.79,97.4,-1.35,1.06,17.94,27.6,1.5,17.0,1284141.0,74717.0,9.22,390.0,16333676.0,5917097.0,60137.0,7976061.0,11347553.0,7792.0,1127221.0,2396523.0,51012.0,263345.0,14583839.0,16942588.0,6616103.0,23468.0,1920.0,501.0,22283.0,667.0
2014,舟山,10152567.0,1009165.16,4252910.316,4890491.524,9.94,41.89,48.17,88746.0,97.5,35.79,97.4,0.4,0.06,17.9,27.24,1.53,17.0,1183478.0,68967.25,10.2,393.0,14977609.0,5917097.0,60137.0,8021112.0,9608783.0,19962.0,1010203.0,1881904.0,44763.0,246092.0,14160290.0,16027038.0,5980044.0,22731.0,1920.0,501.0,22283.0,670.0
2013,舟山,9308493.0,956913.08,4115284.755,4235364.315,10.28,44.21,45.5,95964.0,97.3,35.79,97.2,0.10052628989588556,0.03,7.04,11.42,1.46,18.0,1109090.0,63304.22,9.1,414.0,13335566.0,5917097.0,60137.0,8733534.0,7500233.0,20930.0,926280.0,1898260.0,40225.0,229473.0,13043704.0,14702445.0,5446392.0,23301.0,1920.0,501.0,21392.0,669.0
2012,舟山,8531767.0,830994.106,3829057.03,3871715.865,9.74,44.88,45.38,87883.0,97.2,35.79,97.1,-0.26370492050468325,0.03,6.55,11.07,1.43,17.0,984670.0,57281.56,10.2,383.0,11998334.0,5917097.0,60137.0,8313842.0,5705986.0,18339.0,855627.0,1552230.0,34873.0,213389.0,12374213.0,13501001.0,5036888.0,22989.0,1920.0,501.0,19985.0,668.0
2011,舟山,7727535.0,760389.444,3491300.313,3475845.243,9.84,45.18,44.98,79765.0,97.0,35.79,96.9,-0.7,0.04,6.53,9.53,1.36,15.0,814748.0,52905.71,11.3,358.0,11051733.0,5917097.0,60137.0,7557488.0,4760876.0,10788.0,764844.0,1481022.0,27489.0,162737.0,11626588.0,13149656.0,4612974.0,22934.0,1920.0,501.0,17885.0,674.0
2010,舟山,6443170.0,620477.271,2932930.984,2889761.745,9.63,45.52,44.85,66581.0,96.77,35.79,96.8,-1.21,0.05,6.63,10.12,1.38,16.0,716934.0,43635.67,11.3,659.0,9790517.0,5917097.0,60137.0,6906867.0,4138437.0,6719.0,610396.0,1050303.0,24390.0,121429.0,10177248.0,11432535.0,4108026.0,22327.0,1920.0,501.0,14329.0,672.0
2009,舟山,5352361.0,522390.434,2426760.477,2403210.089,9.76,45.34,44.9,55311.0,96.77,35.79,96.8,-1.03,0.04,6.46,9.28,1.28,14.0,580553.0,40569.74,11.0,596.0,7905601.0,5917097.0,60137.0,5430530.0,4006632.0,10595.0,487786.0,827392.0,21057.0,105797.0,8540188.0,9439328.0,3563604.0,22389.0,1920.0,501.0,10943.0,672.0
2008,舟山,4902500.0,491720.75,2264464.75,2146314.5,10.03,46.19,43.78,50683.0,96.77,35.79,96.9875,-0.85,0.02,5.47,7.57,1.21,12.0,455139.0,38702.3,14.5,590.0,6718654.0,5917097.0,60137.0,5430530.0,3394255.0,15855.0,431534.0,767785.0,17765.0,97074.0,6354304.0,7308382.0,2959217.0,22695.0,1920.0,501.0,10205.0,672.0
2007,舟山,4083700.0,447981.89,1787435.49,1848282.62,10.97,43.77,45.26,42259.0,96.69,35.48,97.175,0.21,0.02,4.46,7.02,1.16,11.0,375695.0,33424.82,17.0,531.0,4863550.0,4089898.0,60137.0,5430530.0,2796374.0,7516.0,350636.0,565227.0,14826.0,82209.0,4843506.0,5617142.0,2205839.0,20809.0,1920.0,501.0,9299.0,671.0
2006,舟山,3351979.0,418997.375,1395093.66,1538223.163,12.5,41.62,45.89,34682.0,96.58,35.18,97.3625,-0.59,0.02,3.73,6.88,1.16,10.0,288417.0,28443.49,18.0,451.0,3603896.0,3108378.0,60137.0,5430530.0,2189878.0,5003.0,242578.0,408208.0,2005.0,59671.0,3732509.0,4515015.0,2049019.0,17311.0,1920.0,501.0,8306.0,671.0
2005,舟山,2801592.0,398386.382,1112512.183,1290413.275,14.22,39.71,46.06,28936.0,96.73,34.91,97.55,-0.2,0.02,3.96,6.79,1.18,10.0,265604.0,25368.1,18.0,442.0,2833416.0,2555513.0,60137.0,5430530.0,1611191.0,3120.0,182082.0,319384.0,1682.0,51151.0,2846953.0,3634879.0,1735399.0,13481.0,1920.0,501.0,6717.0,672.0
2004,舟山,2120391.0,382094.458,913040.365,825256.177,18.02,43.06,38.92,21855.0,96.91,34.64,97.7375,0.27,0.02,4.22,6.72,1.2,11.0,237411.0,22250.33,17.0,339.0,2024845.0,1942682.0,60137.0,5430530.0,1278744.0,2251.0,135746.0,289284.0,1360.0,45952.0,2352002.0,3098207.0,1523018.0,10253.0,1920.0,501.0,5430.0,673.0
2003,舟山,1722656.0,329888.624,711456.928,681310.448,19.15,41.3,39.55,17679.0,97.12,33.59,97.925,-0.92,0.02,3.56,6.57,1.18,10.0,182703.0,18777.29,15.5,314.0,1530256.0,1443507.0,110683.0,5430530.0,980091.0,1704.0,113864.0,230973.0,1087.0,40297.0,1901242.0,2593658.0,1279347.0,6146.0,1920.0,501.0,3777.0,674.0
2002,舟山,1460140.0,329115.556,533243.128,597781.316,22.54,36.52,40.94,14910.0,97.76,32.55,98.1125,-0.31,0.05,3.82,6.72,1.18,10.0,169073.0,16690.33,12.6,300.0,1200661.0,1103705.0,79708.0,5430530.0,481441.0,1124.0,90100.0,200000.0,1087.0,36845.3,1901242.0,2593658.0,1104000.0,6260.0,1920.0,501.0,3264.0,679.0
2001,舟山,1266912.0,330410.65,431763.61,504737.741,26.08,34.08,39.84,12893.0,98.1,29.82,98.3,-0.03,0.12,3.53,7.02,1.18,11.0,155754.0,14735.48,12.3,228.0,886576.0,868357.0,61367.0,5430530.0,379375.0,1141.0,79800.0,158400.0,1087.0,33393.6,1901242.0,2593658.0,967600.0,4785.0,1920.0,501.0,3063.0,681.0
2000,舟山,1140261.0,330675.69,379706.913,431018.658,29.0,33.3,37.8,11901.6,98.41,28.35,98.19,1.02,0.15,4.21,6.93,1.18,11.0,129884.0,11504.0,12.0,194.0,742164.0,914706.0,71385.0,5430530.0,282266.0,1055.0,62300.0,114800.0,1087.0,29941.9,1901242.0,2593658.0,853900.0,3813.0,1920.0,501.0,2735.0,683.0
1999,舟山,1013672.0,312210.976,319306.68,382154.344,30.8,31.5,37.7,10910.2,98.42,27.15,98.08,0.69,0.16,4.61,7.36,1.18,12.0,124255.0,10389.0,12.0,186.0,582165.0,713615.0,47314.0,5430530.0,180683.0,869.0,49800.0,93700.0,1087.0,26490.2,1901242.0,2593658.0,853900.0,2733.0,1920.0,501.0,2597.0,683.0
1998,舟山,935639.0,306889.592,275077.866,352735.903,32.8,29.4,37.7,9918.8,98.54,25.71,97.97,6.5,0.16,4.96,7.53,1.18,13.0,116512.0,9210.0,7.3,186.0,582165.0,574044.0,28326.0,5430530.0,309962.0,658.0,44702.43906587247,80620.84043458733,1087.0,23038.5,1901242.0,2593658.0,853900.0,2006.0,1920.0,501.0,2357.0,684.0
1997,舟山,891533.0,296702.182,273522.324,321397.646,33.28,30.68,36.05,8927.4,98.58,24.42,97.86,1.75,21.41,15.85,28.16,1.18,15.0,121608.0,8369.0,7.9,186.0,582165.0,564373.0,25500.0,5430530.0,340853.0,1162.0,41580.01303257068,67747.84639697627,1087.0,19586.800000000003,1901242.0,2593658.0,853900.0,1724.0,1920.0,501.0,2457.0,715.0
1996,舟山,825827.0,275826.218,258483.851,291516.931,33.4,31.3,35.3,7936.0,98.47,23.73,97.75,2.53,21.25,17.27,27.9,1.18,15.0,113262.0,7456.0,6.7,186.0,582165.0,539960.0,27636.0,5430530.0,162300.0,2022.0,39560.03900471358,55635.39161093942,1087.0,16135.100000000002,1901242.0,2593658.0,853900.0,1651.0,1920.0,501.0,1999.0,718.0
1995,舟山,734927.0,222682.881,248405.326,263838.793,30.3,33.8,35.9,6944.6,98.28,23.24,97.64,2.41,21.5,17.67,28.01,1.18,15.0,107138.0,6855.0,-1.4,186.0,582165.0,587171.0,38564.0,5430530.0,115582.0,2319.0,37769.83408692013,44837.84980024936,1087.0,12683.400000000001,1901242.0,2593658.0,853900.0,1839.0,1920.0,501.0,2221.0,717.0
1994,舟山,596987.0,186359.0,202086.0,208542.0,31.217,33.851,34.932,5953.2,97.99,22.53,97.53,1.8,21.29,15.85,24.76,1.18,15.0,89682.0,5888.51,-1.4,186.0,582165.0,537196.0,38775.0,5430530.0,143558.0,2265.0,35336.71538380928,35909.594688678684,1087.0,9231.7,1901242.0,2593658.0,853900.0,1598.0,1920.0,501.0,1788.0,714.0
1993,舟山,413400.0,156630.05418371587,162684.2567434577,163589.47816727794,32.89906876661639,33.33131366912303,33.77603321348188,4961.8,97.88,21.81,97.42,3.0,22.745303353883763,15.232313002043488,20.939745998326448,1.18,15.0,72780.61059427142,5888.51,-1.4,186.0,582165.0,446644.3333333333,33657.0,5430530.0,86270.0,1751.182083141586,31388.0,29405.0,1087.0,5780.0,1901242.0,2593658.0,853900.0,1134.0,1920.0,501.0,1649.0,714.0
1992,舟山,341400.0,129174.03590143655,125830.40512254699,123936.25434018207,34.761906310654815,32.755989736941125,32.55162439385259,3970.3999999999996,97.63,21.3,97.31,4.6,25.380057845652395,14.658719571338438,16.9006240721246,1.18,15.0,56197.22727573763,5888.51,-1.4,186.0,582165.0,356092.6666666666,28539.0,5430530.0,58342.0,1121.9495321368308,25619.0,25025.0,1087.0,4593.0,1901242.0,2593658.0,853900.0,1197.0,1920.0,501.0,1274.0,712.0
1991,舟山,289400.0,104900.0,93600.0,91000.0,36.247,32.343,31.444,2979.0,97.35,21.02,97.2,3.95,27.36,14.16,13.21,1.18,15.0,40205.0,5888.51,-1.4,186.0,582165.0,265541.0,23421.0,5430530.0,42599.0,582.0,23623.0,21993.0,1087.0,4593.0,1901242.0,2593658.0,853900.0,1260.0,1920.0,501.0,1191.0,710.0
1990,舟山,245700.0,87700.0,79300.0,78700.0,35.694,32.275,32.031,2538.0,96.99,20.69,96.8,5.7,27.63,13.72,13.42,1.18,15.0,34820.0,5888.51,-1.4,186.0,582165.0,200988.0,13346.0,5430530.0,23528.0,203.0,22334.0,20244.0,1087.0,4593.0,1901242.0,2593658.0,853900.0,1340.0,1920.0,501.0,1047.0,707.0
